id,name,publisher,domain,tier,geo_coverage,geo_granularity,unit_of_record,time_start,time_latest,cadence,lag,taxonomy,access,machine_readable,license,ingest_difficulty,priority,verification,checked_on,url
geo-nominatim,Nominatim (self-hosted OSM geocoder),OpenStreetMap Foundation,geospatial-boundaries,5,all-India,address,point,n/a,current,realtime,n/a,n/a,open-download,5,"ODbL-1.0 data, GPL software",3,5,UNVERIFIED,2026-09-19,https://nominatim.openstreetmap.org
state-police-south-opencity-police-station-locations-karnataka,Police Station Locations in Karnataka and Bengaluru Urban (KML),OpenCity (Bengaluru City Police / Karnataka sources),state-police-south,4,Karnataka + Bengaluru Urban,point,incident-point,2012 (stations list),2025 (contacts refresh),one-off,n/a,n/a,open-download,4,unclear - sibling BCP contact dataset is 'No License Provided',2,5,CITED,2026-09-19,https://data.opencity.in/dataset/police-station-locations/resource/9f99ef79-3231-4c9a-8a9d-c8940198489a
road-safety-emergency-nhai-black-spots,NHAI Black Spots - identification and rectification status reports,National Highways Authority of India,road-safety-emergency,2,"NHAI-managed National Highways, all-India",point,incident-point,2016,2024-25 status,irregular,6-18 months,n/a,open-download,2,GODL-India (assumed),3,5,CITED,2026-09-19,https://nhai.gov.in/nhai/black-spots
road-safety-emergency-morth-nh-gis-mapping,GIS mapping of all National Highways (MoRTH circular and portal),Ministry of Road Transport & Highways,road-safety-emergency,2,"National Highways, all-India",point,boundary-polygon,unknown,unknown,irregular,unknown,n/a,open-download,2,unstated,4,5,CITED,2026-09-19,http://morth.gov.in/en/gis-mapping-all-national-highways
road-safety-emergency-morth-black-spots-om,Identified Road Accident Black Spots on National Highways (MoRTH Office Memoranda and annexures),"Ministry of Road Transport & Highways, Road Safety Cell",road-safety-emergency,2,"National Highways, all-India",point,incident-point,2015,2022 vintage published; 2023-24 e-DAR-derived refresh announced,irregular,1-3 years,n/a,open-download,1,"GODL-India (assumed, unstated)",4,5,CITED,2026-09-19,https://morth.nic.in/sites/default/files/Additional_Road_Accident_Black_Spots_identified_based_on_2014_fatalities_on_National_Highways_OM_dated_18_1_2016.pdf
rti-ask-irad-accidents,"RTI ask: iRAD/eDAR accident records, non-personal fields",State Transport Department / State Police (Traffic),rti-playbook,2,per state filed,point,incident-point,iRAD rollout,current,daily,,custom,rti-only,4,unknown,4,5,UNVERIFIED,2026-09-19,
road-safety-emergency-tripc-delhi-district-reports,Delhi district road safety reports (geocoded fatal crash mapping),"Transportation Research and Injury Prevention Centre (TRIPC), IIT Delhi",road-safety-emergency,4,"NCT of Delhi, all 11 districts",point,incident-point,2019,2021,one-off,2-3 years,n/a,open-download,0,unstated,5,5,CITED,2026-09-19,https://tripc.iitd.ac.in/assets/training_material/South%20District%20Concise.pdf
mha-parliament-erss-112,Emergency Response Support System (ERSS) / Dial 112,Ministry of Home Affairs (Nirbhaya/ERSS Section) and State Emergency Response Centres,mha-parliament,2,all States/UTs (state-operated ERCs on a common MHA platform),point,incident-point,2019,2026 (live),realtime,realtime internally; published aggregates lag 6-24 months,custom,blocked,1,unstated,5,5,CITED,2026-09-19,https://www.data.gov.in/resource/year-wise-details-number-calls-received-emergency-number-112-2020-21-2022-23
road-safety-emergency-erss-112,Emergency Response Support System (ERSS) / Dial 112,Ministry of Home Affairs (operated by States/UTs; technology partner C-DAC),road-safety-emergency,2,"all-India, 36 states/UTs (state-centric deployments)",point,incident-point,2019,current,realtime,n/a,custom (emergency categories: police/fire/medical/women/other),blocked,0,unknown,5,5,CITED,2026-09-19,https://112.gov.in/about
road-safety-emergency-irad-edar,iRAD / eDAR - Integrated Road Accident Database / e-Detailed Accident Report,"MoRTH; built by NIC/NICSI; designed by RBG Labs, IIT Madras; World Bank funded",road-safety-emergency,2,"all-India, 36 states/UTs",point,incident-point,2020 (pilot); nationwide Nov 2022,current (operational),realtime,days,custom (MoRTH accident recording format; not IPC/BNS),login,0,unknown,5,5,CITED,2026-09-19,https://irad.parivahan.gov.in/
geo-india-geodata,India Geodata — unified Indian geospatial data repository,yashveeeeeeer (community aggregation of Government of India sources),geospatial-boundaries,4,all-India,village,boundary-polygon,1941,2026,irregular,varies by layer,n/a,open-download,5,CC-BY-4.0 (per-dataset licences in metadata.json),2,5,VERIFIED_LIVE,2026-09-19,https://yashveeeeeeer.github.io/india-geodata
geo-census-2011-boundaries,Census of India 2011 administrative boundaries + Town/Village Directory,Registrar General & Census Commissioner of India,geospatial-boundaries,1,all-India,village,boundary-polygon,2011,2011,one-off,n/a,n/a,open-download,5,CC0 asserted by mirror; censusindia.gov.in terms unverified,2,5,VERIFIED_LANDING,2026-09-19,https://github.com/yashveeeeeeer/india-geodata/tree/main/data/census/census-2011
geo-ramseraph-admin-boundaries,ramSeraph/indian_admin_boundaries — harvested GoI boundary layers,ramSeraph (community harvest of Government of India portals),geospatial-boundaries,4,all-India,village,boundary-polygon,1941,2026,irregular,varies,n/a,open-download,5,varies per layer; README reproduces Geospatial Guidelines clause xiii as the governing constraint,2,5,VERIFIED_LANDING,2026-09-19,https://github.com/ramSeraph/indian_admin_boundaries/releases
geo-ramseraph-opendata-lgd,ramSeraph/opendata — LGD and Survey of India scrapers + data mirror,ramSeraph (community),geospatial-boundaries,4,all-India,village,aggregate-count,unknown,2026-04-03,irregular,varies,n/a,open-download,4,unstated,2,5,VERIFIED_LANDING,2026-09-19,http://ramseraph.github.io/opendata/lgd
geo-lgd,Local Government Directory (LGD),Ministry of Panchayati Raj,geospatial-boundaries,1,all-India,village,boundary-polygon,2010s,current (continuously updated),irregular,near-real-time,n/a,scrape,3,"unstated (GoI portal, likely GODL-India)",3,5,CITED,2026-09-19,https://github.com/ramSeraph/opendata/tree/master/lgd
geo-survey-of-india,Survey of India — boundary authority and map data,"Survey of India, Department of Science & Technology",geospatial-boundaries,1,all-India,village,boundary-polygon,unknown,current,irregular,unknown,n/a,open-download,4,CC-BY-4.0 for index maps via DataMeet; SoI open-data terms otherwise,3,5,CITED,2026-09-19,https://indiamaps.gov.in
geo-datameet-municipal-wards,DataMeet Municipal Spatial Data — city ward boundaries,DataMeet India community,geospatial-boundaries,4,"27-28 cities: Ahmedabad, Bangalore, Bhopal, Bhubaneswar, Bodh Gaya, Chandigarh, Chennai, Coimbatore, Delhi, Faridabad, Hyderabad, Jaipur, Kanpur, Katihar, Kishangarh, Kochi, Kolkata, Lucknow, Mira-Bhayandar, MMR, Mumbai, NMMC, PCMC, Pune, Purnia, Vadodara, Vijayawada",ward,boundary-polygon,unknown,2024-02-28,irregular,n/a,n/a,open-download,4,CC-BY-4.0,2,5,VERIFIED_LANDING,2026-09-19,https://github.com/yashveeeeeeer/india-geodata/tree/main/data/urban/municipal-boundaries
legal-ethics-disclosure-control-mitigations,Statistical disclosure control and geographic anonymisation - the mitigation standard,"UK ONS / US Census Bureau / police.uk (methodology, adopted here as design standard)",legal-ethics,4,all-India,ward,narrative-document,unknown,2026,irregular,n/a,n/a,blocked,0,unknown,2,5,UNVERIFIED,2026-09-19,https://data.police.uk/about/
geo-mha-police-station-points,All-India police station point locations (MHA station master),Ministry of Home Affairs (NIC-served GeoServer layer; mirrored on GitHub),geospatial-boundaries,2,all-India (36 states/UTs),police-station,point,unknown,unknown (mirror vintage ~2024),irregular,unknown,n/a,open-download,5,unstated (mirror asserts CC0),1,5,VERIFIED_LIVE,2026-09-19,https://raw.githubusercontent.com/yashveeeeeeer/india-geodata/main/data/police/stations/INDIA_POLICE_STATIONS.geojson
geo-police-station-jurisdictions,Police station (thana) jurisdiction boundaries — 7 states + marine,"State GIS agencies: APSAC, i-Bhugoal, GSDL, KGIS, Rajdharaa, TNGIS, TRACGIS, NCOG",geospatial-boundaries,2,"Andhra Pradesh, Bihar, Delhi, Karnataka, Rajasthan, Tamil Nadu, Telangana + Indian marine zones",police-station,boundary-polygon,unknown,2024 (metadata last_updated 2024-08-15),irregular,unknown,n/a,open-download,5,CC0-1.0 as asserted by the mirror; upstream state-portal terms unstated,2,5,VERIFIED_LANDING,2026-09-19,https://github.com/ramSeraph/indian_admin_boundaries/releases/tag/police
road-safety-emergency-btp-accident-statistics,Bengaluru Traffic Police accident statistics (station-wise),Bengaluru Traffic Police,road-safety-emergency,2,Bengaluru traffic police jurisdiction,police-station,aggregate-count,2015,2024,annual,1-3 months,n/a,scrape,3,unstated,2,5,CITED,2026-09-19,https://btp.gov.in/Accidentstats.aspx
state-police-east-ne-bbsr-cuttack-commissionerate-crime-statistics,"Bhubaneswar-Cuttack Police Commissionerate - Crime Statistics, police-station pages and maps","Commissionerate of Police, Bhubaneswar-Cuttack",state-police-east-ne,2,Bhubaneswar and Cuttack commissionerate area,police-station,aggregate-count,unknown,2022 (confirmed); later years likely,annual,6-18 months,IPC+SLL,open-download,2,unstated,2,5,CITED,2026-09-19,https://bhubaneswarcuttackpolice.gov.in/crimecounter/annual-crime-statistics-2022/
state-police-north-delhi-police-telephone-directory,Delhi Police — Telephone Directory (police station roster),Delhi Police,state-police-north,2,NCT of Delhi,police-station,aggregate-count,unknown,2026,irregular,unknown,n/a,scrape,2,unstated,2,5,CITED,2026-09-19,https://delhipolice.gov.in/telephonedirectory
state-police-north-hp-police-station-search,Himachal Pradesh Police — Search Police Station (roster),Himachal Pradesh Police,state-police-north,2,Himachal Pradesh,police-station,aggregate-count,unknown,2026,irregular,unknown,n/a,scrape,2,unstated,2,5,CITED,2026-09-19,https://www.citizenportal.hppolice.gov.in/citizen/viewpolicestation.htm
judiciary-prisons-ecourts-police-station-master,eCourts police-station master list (casestatus/fillPoliceStation),"eCommittee, Supreme Court of India / NIC",judiciary-prisons,3,"all-India, enumerable per court establishment",police-station,boundary-polygon,n/a (current reference data),current,irregular,n/a,n/a,scrape,2,unstated,3,5,VERIFIED_LIVE,2026-09-19,https://services.ecourts.gov.in/ecourtindia_v6/?p=casestatus/fillPoliceStation
state-police-north-chandigarh-view-published-fir,Chandigarh Police — View Published FIR,"Chandigarh Police, UT Administration of Chandigarh",state-police-north,2,Chandigarh UT (Chandigarh Police jurisdiction),police-station,fir-record,unknown,2026,daily,days,IPC+SLL,scrape,2,ToU-restricts-reuse,3,5,CITED,2026-09-19,https://portal.chandigarhpolice.gov.in/public/CitizenPortal/ViewPublishFIR/ViewPublishFIR
state-police-south-kerala-ps-crime-statistics,Kerala Police per-police-station 'crime statistics' pages (ps.keralapolice.gov.in),Kerala Police,state-police-south,2,"Kerala, individual police stations (564 stations statewide as of 2021: 484 law & order + 80 specialised)",police-station,aggregate-count,unknown,unknown (pages live at check),irregular,unknown,IPC+SLL,scrape,2,unstated,3,5,CITED,2026-09-19,https://ps.keralapolice.gov.in/cantonment-ps/crime-statistics
mh-citizen-published-firs,Maharashtra Police Citizen Portal — Search & View Published FIR,"Maharashtra Police / Home Dept, Govt of Maharashtra (CCTNS)",state-police-west,2,Maharashtra (all police districts + city commissionerates),police-station,fir-record,unknown (>=2025 confirmed; earlier untested),2025-09 (harvest dated 2025-09-27),daily,days — FIRs appear within days of registration,BNS,scrape,3,unstated,3,5,CITED,2026-09-19,https://citizen.mahapolice.gov.in/Citizen/MH/PublishedFIRs.aspx
state-police-east-ne-sikkim-daily-fir,Sikkim Police Daily FIR,"Police Department, Government of Sikkim",state-police-east-ne,2,Sikkim,police-station,fir-record,unknown,2026 (rolling),daily,1-3 days,IPC+SLL,scrape,2,unstated,3,5,CITED,2026-09-19,https://police.sikkim.gov.in/visitor/fir
rti-ask-station-master,RTI ask: police station master list with coordinates,State DGP office,rti-playbook,2,per state filed,police-station,boundary-polygon,n/a,current,one-off,,n/a,rti-only,4,unknown,3,5,UNVERIFIED,2026-09-19,
judiciary-prisons-ecourts-district-services,"eCourts Services — District & Taluka Courts (CIS National Core v3.2, portal v6)","eCommittee, Supreme Court of India / NIC / Department of Justice",judiciary-prisons,3,"all-India district, sessions and taluka courts",police-station,case-record,~2010 (varies by court establishment; CIS rollout),current,realtime,days (case data updated by courts near-real-time); FIR-to-case lag is months,IPC+SLL,captcha,2,unstated,4,5,VERIFIED_LIVE,2026-09-19,https://services.ecourts.gov.in/ecourtindia_v6/?p=casestatus/index
state-police-south-ap-fir-search,"Andhra Pradesh Police — FIR search / view / download by district, station and date",Andhra Pradesh Police,state-police-south,2,"Andhra Pradesh, all police stations",police-station,fir-record,unknown,current,daily,days,BNS+SLL (IPC before 2024-07-01),scrape,1,unstated,4,5,CITED,2026-09-19,https://www.appolice.gov.in/jsp/FIRComplainant.jsp
state-police-east-ne-bihar-scrb-public-fir-repository,SCRB Bihar public FIR repository (View FIR),"State Crime Records Bureau, Bihar Police",state-police-east-ne,2,Bihar,police-station,fir-record,unknown,2026 (rolling),daily,24-72 hours (statutory upload window),IPC+SLL,scrape,2,unstated,4,5,CITED,2026-09-19,https://scrb.bihar.gov.in/FIRiew.aspx
state-police-south-ksp-fir-search,Search First Information Report — Karnataka (KSP FIR search),Karnataka State Police,state-police-south,2,"Karnataka, all 906 police stations",police-station,fir-record,unknown,current,daily,days,IPC+SLL / BNS+SLL,scrape,1,unstated,4,5,CITED,2026-09-19,https://ksp.karnataka.gov.in/firsearch/en
state-police-south-kerala-thuna-fir-download,THUNA citizen portal — published FIR search & download (Kerala Police),Kerala Police,state-police-south,2,"Kerala, all police districts and stations",police-station,fir-record,2016-11,current (rolling),daily,days (SC directive requires upload within 24h/72h of registration),IPC+SLL (BNS from 2024-07-01),scrape,1,unstated; public-record publication mandated by Supreme Court,4,5,CITED,2026-09-19,https://thuna.keralapolice.gov.in/citizen-fir-download
state-police-south-tn-eservices-citizen-portal,Tamil Nadu Police eServices Citizen Portal (CCTNS) — View FIR / FIR status / arrested persons / UIDB,"Tamil Nadu Police, State Crime Records Bureau",state-police-south,2,"Tamil Nadu - 39 police districts (incl. 2 railway) + 9 commissionerates; 1,302 L&O + 202 all-women + 243 traffic + 47 railway stations",police-station,fir-record,unknown,current,daily,days,IPC+SLL / BNS+SLL,scrape,1,unstated,4,5,CITED,2026-09-19,https://eservices.tnpolice.gov.in/CCTNSNICSDC/
state-police-south-tspolice-citizen-fir,Telangana Police citizen portal / CCTNS-TSP — FIR search and download,Telangana State Police,state-police-south,2,"Telangana, 709 police stations across 33 districts and 7 commissionerates",police-station,fir-record,unknown,current,daily,days,BNS+SLL (IPC before 2024-07-01),scrape,1,unstated,4,5,CITED,2026-09-19,https://www.tspolice.gov.in/jsp/homePage?method=getHomePageElements
rti-ask-station-month-counts,RTI ask: station-wise monthly FIR counts by crime head,State DGP office / State Crime Records Bureau,rti-playbook,2,per state filed,police-station,aggregate-count,requestable from CCTNS rollout,current,monthly,,NCRB-heads,rti-only,4,unknown,4,5,UNVERIFIED,2026-09-19,
judiciary-prisons-ecourts-fir-search,eCourts Case Status — Search by FIR Number (submitFirNo) + FIR Details block,"eCommittee, Supreme Court of India / NIC",judiciary-prisons,3,"all-India, wherever the court establishment populates the CIS FIR field",police-station,case-record,~2010,current,realtime,"FIR to court appearance: typically 2-12 months (post-chargesheet, post-cognizance)",IPC+SLL,captcha,2,unstated,5,5,VERIFIED_LIVE,2026-09-19,https://services.ecourts.gov.in/ecourtindia_v6/?p=casestatus/submitFirNo
rti-ask-jurisdiction-boundaries,RTI ask: police station jurisdiction boundaries,State DGP office,rti-playbook,2,per state filed,police-station,boundary-polygon,n/a,current,one-off,,n/a,rti-only,2,unknown,5,5,UNVERIFIED,2026-09-19,
state-police-south-opencity-karnataka-crime,OpenCity — Karnataka Crime Data 2022 / 2023 / 2024 / 2025 (KSP-sourced CSV mirror),OpenCity / Civic Insights Foundation (mirroring Karnataka State Police),state-police-south,4,Karnataka - all districts and commissionerates incl. Bengaluru City,police-district,aggregate-count,2022,2025 (December review carries the annual roll-up),annual,1-2 months behind KSP,"IPC+SLL / BNS+SLL (IPC/BNS heads, SLL heads, women/children/SC-ST heads)",open-download,4,'Other (Public Domain)' on the mirror; upstream KSP terms UNVERIFIED,1,5,CITED,2026-09-19,https://data.opencity.in/dataset/karnataka-crime-data-2025/resource/90ef5e20-0e55-41d9-8a63-aceff7205d61
state-police-south-opencity-tn-crime,"OpenCity — Tamil Nadu Crime Data (2019-2021 series, 2022, 2023)",OpenCity (mirroring Tamil Nadu Police / SCRB CCTNS reviews),state-police-south,4,Tamil Nadu districts and cities,police-district,aggregate-count,2019,2023 (mirror last updated 2026-01-16),annual,12+ months,IPC+SLL,open-download,4,'Other (Public Domain)' on the mirror,1,5,CITED,2026-09-19,https://data.opencity.in/dataset/tamil-nadu-crime-data
state-police-south-kerala-district-police-crime-pages,Kerala Police district/city commissionerate crime-statistics mirrors,Kerala Police (district units),state-police-south,2,Each of 20 Kerala police districts / 6 city commissionerates,police-district,aggregate-count,unknown,2026,monthly,1-2 months,IPC+SLL,scrape,2,unstated,2,5,CITED,2026-09-19,https://kollamcity.keralapolice.gov.in/crime/total-cases
state-police-south-kerala-police-crime-tables,"Kerala Police — Crime Statistics tables (Total Cases, IPC Cases, Crime against Women, POCSO, Cyber, Missing, Road Accidents, COTPA, SC/ST)",Kerala Police / State Crime Records Bureau,state-police-south,2,Kerala (state totals + 20 police districts),police-district,aggregate-count,unknown,"2026 (partial year; category index stamped 'last updated August 06, 2026')",monthly,1-2 months,IPC+SLL,scrape,2,unstated,2,5,CITED,2026-09-19,https://keralapolice.gov.in/crime/total-cases
road-safety-emergency-delhi-traffic-police-crash-report,Delhi Road Crash Report (annual),Delhi Traffic Police,road-safety-emergency,2,NCT of Delhi (Delhi Police jurisdiction),police-district,aggregate-count,2014 (series carried in the reports),2023,annual,6-12 months,n/a,open-download,1,unstated,3,5,CITED,2026-09-19,https://traffic.delhipolice.gov.in/sites/default/files/uploads/2022/Delhi-Crash-Report-2022.pdf
state-police-south-ksp-monthly-crime-review,Monthly Crime Review (Karnataka State Police),Karnataka State Police,state-police-south,2,"Karnataka, district + commissionerate",police-district,aggregate-count,unknown,December 2025 (the December review carries the annual roll-up),monthly,~1 month,IPC+SLL / BNS+SLL,open-download,1,unstated,3,5,CITED,2026-09-19,https://ksp.karnataka.gov.in/new-page/Monthly%20Crime%20Review/en
state-police-north-rajasthan-monthly-crime-report,Rajasthan Police — Monthly Crime Report (मासिक अपराध रिपोर्ट),Rajasthan Police,state-police-north,2,Rajasthan,police-district,aggregate-count,unknown,unknown,monthly,1-2 months,custom,scrape,1,unstated,3,5,CITED,2026-09-19,https://police.rajasthan.gov.in/old/MonthlyReport.aspx
open-data-portals-ncrb-city-crimehead,NCRB city x crime-head crime tables on data.gov.in (metropolitan cities series),"NCRB, Dept of States, Ministry of Home Affairs",open-data-portals,1,"NCRB metropolitan cities (19 in print, 53 on the website; population >2M)",city,aggregate-count,2015,2019 for incidence tables; 2021 for police/court disposal and arrests,annual,12-21 months,NCRB-heads,api-key,5,GODL-India,1,5,CITED,2026-09-19,https://api.data.gov.in/resource/bd01039b89574157b34d70e3968a9c95
road-safety-emergency-opencity,OpenCity Urban Data Portal (CKAN),OpenCity (Oorvani Foundation / Data{Meet} ecosystem),road-safety-emergency,4,all-India; deepest for Bengaluru and Delhi,city,aggregate-count,2015,2024,irregular,varies with upstream,n/a,open-download,4,unstated (mirrors upstream government licences),1,5,CITED,2026-09-19,https://data.opencity.in/dataset?organization=bengaluru-traffic-police
open-data-portals-opencity-crime-in-india,"OpenCity — NCRB 'Crime in India' CSV mirror (2022, 2023)","Civic Insights Foundation (OpenCity), mirroring NCRB",open-data-portals,4,all-India,city,aggregate-count,2022,2023,annual,12-21 months,NCRB-heads,open-download,4,unstated,1,5,CITED,2026-09-19,https://data.opencity.in/dataset/crime-in-india-2022
ncrb-cii-metropolitan-cities,"Crime in India - Metropolitan Cities chapters (3B, 2B, 2D etc.) and Mega Cities tables",National Crime Records Bureau (NCRB),ncrb-national,1,19 metropolitan cities in the main chapters; 34 and 53 cities in supplementary tables,city,aggregate-count,unknown (city chapter present at least since 2014 format),2024,annual,12-24 months,IPC+SLL / BNS+SLL,open-download,2,unstated,4,5,CITED,2026-09-19,https://ncrb.gov.in/en/crime-india
open-data-portals-ncrb-district-women,District-wise crimes committed against Women (data.gov.in),"NCRB, Dept of States, Ministry of Home Affairs",open-data-portals,1,all-India,district,aggregate-count,2001,2015,annual,series discontinued,IPC,api-key,5,GODL-India,1,5,CITED,2026-09-19,https://api.data.gov.in/resource/5fb532333fba44b6aef6134de40d96d8
open-data-portals-ncrb-district-ipc,District-wise crimes under various sections of the Indian Penal Code (data.gov.in),"NCRB, Dept of States, Ministry of Home Affairs",open-data-portals,1,all-India,district,aggregate-count,2001,2014,annual,series discontinued,IPC,api-key,5,GODL-India,1,5,CITED,2026-09-19,https://www.data.gov.in/resource/district-wise-crime-under-various-sections-indian-penal-code-ipc-crimes-during-2014
state-police-south-opencity-ckan-portal,OpenCity Urban Data Portal (CKAN) — aggregator of South-Indian police releases,Civic Insights Foundation (OpenCity),state-police-south,4,"Bengaluru, Chennai, Karnataka, Tamil Nadu, Telangana, plus national NCRB mirrors",district,aggregate-count,2019,2025,irregular,weeks to months behind the source,NCRB-heads / IPC+SLL,open-download,4,mostly 'Other (Public Domain)'; some resources 'No License Provided',1,5,CITED,2026-09-19,https://data.opencity.in/dataset?tags=Crime
open-data-portals-opencity-karnataka-crime,OpenCity — Karnataka crime data 2022-2025 (KSP),"Civic Insights Foundation (OpenCity), mirroring Karnataka State Police",open-data-portals,4,Karnataka (districts + Bengaluru City commissionerate),district,aggregate-count,2022,2025,annual,1-3 months,IPC+SLL,open-download,4,unstated,1,5,CITED,2026-09-19,https://data.opencity.in/dataset/41789466-ddbc-4ea2-8e07-b48521a7f638/resource/91859ec9-0bcd-4f78-aa37-7fa1346eac36/download/ka-ipc-crimes-2025.csv
geo-historical-districts,Historical district boundaries 1941-2001 + district change ledger 1951-2024,India State Stories (FLAME University) / Census of India / GoI gazette notifications,geospatial-boundaries,4,all-India,district,boundary-polygon,1941,2024,irregular,varies,n/a,open-download,5,CC0,2,5,VERIFIED_LANDING,2026-09-19,https://github.com/yashveeeeeeer/india-geodata/tree/main/data/census/historical
judiciary-prisons-ddl-judicial-data,"Development Data Lab — Indian Judicial Data (district courts, 2010-2018)",Development Data Lab,judiciary-prisons,4,"all-India, 7,000+ district and subordinate courts, 80,000+ judges",district,case-record,2010,2018,one-off,7+ years and growing,IPC+SLL,open-download,4,CC-BY-NC-SA-4.0,2,5,CITED,2026-09-19,https://www.dropbox.com/sh/hkcde3z2l1h9mq1/AADRe-BuBQ92ozAJiG7YERdCa?dl=0
ncrb-datagov-mirror,NCRB datasets on data.gov.in (OGD Platform India),"NIC / Open Government Data Platform India, publishing NCRB data",ncrb-national,1,all-India,district,aggregate-count,2001 (for the district IPC series),"unknown - the district catalogs are believed stale, ending around 2012-2014",irregular,years behind the PDF reports,IPC,api-key,4,GODL-India,2,5,CITED,2026-09-19,https://www.data.gov.in/catalog/district-wise-crimes-under-various-sections-indian-penal-code-ipc-crimes
state-police-north-rajasthan-district-crime-statistics,Rajasthan Home Department — per-district Crime Statistics pages,"Home Department, Government of Rajasthan",state-police-north,2,Rajasthan (per police district),district,aggregate-count,unknown,unknown,irregular,unknown,custom,scrape,2,unstated,2,5,CITED,2026-09-19,https://home.rajasthan.gov.in/content/homeportal/en/dholpurpolice/crimestatistics.html
civil-society-academic-ddl-judicial-data,"Development Data Lab Judicial Data (e-Courts, 81.2 million cases)",Development Data Lab,civil-society-academic,4,all-India lower judiciary,district,case-record,2010,2018,one-off,n/a (static release),IPC + acts and sections,open-download,4,open for research with attribution; extended (less anonymised) access on application,3,5,CITED,2026-09-19,http://www.devdatalab.org/judicial-bias-data
mha-parliament-sansad-ls-questions-api,Digital Sansad Lok Sabha Questions API (api_ls/question),Lok Sabha Secretariat / NIC (sansad.in),mha-parliament,3,all-India,district,narrative-document,13th Lok Sabha (1999) for session metadata; full Q&A robust from 16th LS,"18th Lok Sabha, current session",irregular,days after the sitting,IPC+SLL,scrape,3,unstated,3,5,CITED,2026-09-19,https://sansad.in/api_ls/question/qetFilteredQuestionsAns
mha-parliament-mha-pq-portal,MHA Parliament Questions and Answers archive (MHA1/Par2017),"Parliament Section, Ministry of Home Affairs",mha-parliament,3,all-India; answers frequently carry State/UT and district annexures,district,narrative-document,2017 (Par2017 tree; earlier answers exist elsewhere),2025 sitting dates confirmed,irregular,answer PDF posted within days of the sitting,IPC+SLL,scrape,2,GODL-India,3,5,CITED,2026-09-19,https://www.mha.gov.in/MHA1/Par2017/pdfs/par2025-pdfs/LS18032025/2946.pdf
civil-society-academic-nfhs-dhs-microdata,NFHS / DHS India microdata - Individual Recode with domestic violence module,The DHS Program (ICF) / IIPS,civil-society-academic,1,all-India,district,survey-respondent,1992-93,2019-21,irregular,1-2 years after fieldwork,n/a,login,4,"DHS Terms of Use - free registration, per-survey approval, NO redistribution of microdata (derived aggregates may be published)",3,5,CITED,2026-09-19,https://dhsprogram.com/data/available-datasets.cfm
state-police-east-ne-sikkim-monthly-crime-review,Sikkim Police Monthly Crime Review,"Police Department, Government of Sikkim",state-police-east-ne,2,Sikkim,district,aggregate-count,2023-01,2025-05 (confirmed by indexed PDF),monthly,1-2 months,IPC+SLL,open-download,1,unstated,3,5,CITED,2026-09-19,https://police.sikkim.gov.in/mcreviewdoc/mcreviewdoc-3h6o8ZOQQyaOasdxpaznWyA4jvsyPAJsvOcIxTzg.pdf
specialised-crime-poa-annual-report,"Annual Report under Section 21(4) of the Scheduled Castes and the Scheduled Tribes (Prevention of Atrocities) Act, 1989","Department of Social Justice and Empowerment, Ministry of Social Justice and Empowerment",specialised-crime,1,all-India,district,aggregate-count,~1990,2023 (cases registered),annual,18-30 months,IPC+SLL,open-download,1,unstated,4,5,CITED,2026-09-19,https://socialjustice.gov.in/writereaddata/UploadFile/Annual%20Report-PoA-2017636988121973975658.pdf
ncrb-crime-in-india-series,"Crime in India (annual report series, 1953-2024)","National Crime Records Bureau (NCRB), Ministry of Home Affairs",ncrb-national,1,all-India (36 States/UTs + CAPF/CPO),district,aggregate-count,1953,2024 (published 6 May 2026),annual,"12-24 months; 12 mo for CII-2022, ~21 mo for CII-2023, ~16 mo for CII-2024",IPC+SLL up to 2023; IPC(Jan-Jun)+BNS(Jul-Dec) for 2024; BNS+SLL from 2025,open-download,2,unstated (GoI publication; GODL-India applies to the data.gov.in mirror),4,5,CITED,2026-09-19,https://ncrb.gov.in/en/crime-india
ncrb-cii-district-additional-tables,Crime in India - Additional Tables and Chapter Contents (district-wise supplementary tables),National Crime Records Bureau (NCRB),ncrb-national,1,all-India,district,aggregate-count,unknown (at least 2014),2024 (assumed),annual,same as parent report,IPC+SLL / BNS+SLL,open-download,3,unstated,4,5,CITED,2026-09-19,https://ncrb.gov.in/crime-in-india-table-addtional-table-and-chapter-contents
ncrb-cii-2023,Crime in India 2023,National Crime Records Bureau (NCRB),ncrb-national,1,all-India,district,aggregate-count,2023,2023,annual,~21 months (released 29-30 Sept 2025),IPC+SLL,open-download,2,unstated,4,5,CITED,2026-09-19,https://www.ncrb.gov.in/uploads/files/1CrimeinIndia2023PartI.pdf
ncrb-cii-2024,Crime in India 2024 (latest published edition),National Crime Records Bureau (NCRB),ncrb-national,1,all-India,district,aggregate-count,2024,2024,annual,"~16 months (reference year ends Dec 2024, released 6 May 2026)",IPC+BNS (split year) + SLL,open-download,2,unstated,4,5,CITED,2026-09-19,https://www.ncrb.gov.in/uploads/files/2CrimeinIndia2024-VolumeII.pdf
state-police-north-mha-digital-police-portal,Digital Police Portal — State Police Citizen Portals index,Ministry of Home Affairs / NCRB,state-police-north,1,all-India,state,narrative-document,2017-08-21,2026,irregular,unknown,n/a,scrape,2,unstated,2,5,CITED,2026-09-19,https://digitalpolice.gov.in/DigitalPolice/portal
rti-state-filing-table,"Per-state RTI filing routes (portal, fee, payment, address)",various State Governments,rti-playbook,1,all 36 states and UTs,state,narrative-document,unknown,unknown,irregular,,n/a,on-request,0,unknown,3,5,UNVERIFIED,2026-09-19,
legal-ethics-bns-356-defamation,"BNS 2023 s.356 (ex-IPC ss.499-500) - defamation, and Exception 1 (truth AND public good)",Parliament of India / Ministry of Home Affairs,legal-ethics,3,all-India,national,narrative-document,2024-07-01,2024-07-01,one-off,n/a,BNS,blocked,2,unstated,1,5,VERIFIED_LIVE,2026-09-19,https://en.wikipedia.org/wiki/Bharatiya_Nyaya_Sanhita
legal-ethics-geospatial-guidelines-2021,Guidelines for acquiring and producing Geospatial Data and Geospatial Data Services including Maps (15 Feb 2021),"Department of Science & Technology, Government of India",legal-ethics,3,all-India,national,narrative-document,2021-02-15,2021-02-15,one-off,n/a,n/a,blocked,1,unstated,1,5,VERIFIED_LIVE,2026-09-19,https://en.wikipedia.org/wiki/Geospatial_Information_Regulation_Bill
open-data-portals-datagovin-catalogue-index,data.gov.in full catalogue metadata index (datagovindia mirror),"data.gov.in catalogue, mirrored by addypy/datagovindia",open-data-portals,4,all-India,national,narrative-document,2018-05-25,2023-09-18,one-off,n/a,n/a,open-download,5,unstated,1,5,VERIFIED_LIVE,2026-09-19,https://raw.githubusercontent.com/addypy/datagovindia/master/data/idx_maps.gz
legal-ethics-bns-72-73-victim-identity,BNS 2023 ss.72-73 (ex-IPC s.228A) - disclosure of identity of victims of sexual offences,Parliament of India / Ministry of Home Affairs,legal-ethics,3,all-India,national,narrative-document,2024-07-01,2024-07-01,one-off,n/a,BNS,blocked,2,unstated,1,5,CITED,2026-09-19,https://uppolice.gov.in/site/writereaddata/siteContent/Three%20New%20Major%20Acts/202406281710564823BNS_IPC_Comparative.pdf
legal-ethics-dpdp-rules-2025,Digital Personal Data Protection Rules 2025 - notification and phased commencement,Ministry of Electronics and Information Technology,legal-ethics,3,all-India,national,narrative-document,2025-11-14,2027-05-14,one-off,n/a,n/a,blocked,2,unstated,1,5,CITED,2026-09-19,https://static.pib.gov.in/WriteReadData/specificdocs/documents/2025/nov/doc20251117695301.pdf
legal-ethics-godl-india,Government Open Data Licence - India (GODL-India),"Ministry of Electronics and Information Technology / NIC, Open Government Data Platform India",legal-ethics,3,all-India,national,narrative-document,2017,2017,one-off,n/a,n/a,blocked,2,GODL-India,1,5,CITED,2026-09-19,https://www.data.gov.in/Godl
geo-geospatial-guidelines-2021,"Guidelines for acquiring and producing geospatial data and geospatial data services, 2021","Department of Science & Technology, Government of India",geospatial-boundaries,3,all-India,national,narrative-document,2021-02-15,2021,one-off,n/a,n/a,open-download,1,Government of India,1,5,CITED,2026-09-19,https://dst.gov.in/sites/default/files/Final%20Approved%20Guidelines%20on%20Geospatial%20Data_0.pdf
open-data-portals-datagovin-api,Open Government Data (OGD) Platform India — Resource REST API,"NIC / Digital India Corporation, MeitY",open-data-portals,1,all-India,national,aggregate-count,1970,2021 (in the catalogue snapshot I parsed); live portal likely to 2023,irregular,12-24 months for NCRB content,IPC+SLL,api-key,5,GODL-India,1,5,CITED,2026-09-19,https://api.data.gov.in/resource/{resource_id}
road-safety-emergency-irad-edar-user-manual,iRAD/eDAR User Manual (public schema documentation),MoRTH / NICSI,road-safety-emergency,3,all-India,national,narrative-document,2021,April 2024,irregular,n/a,n/a,open-download,2,unstated,1,5,CITED,2026-09-19,https://gisnic.tn.nic.in/irad/downloads/iRAD_User_Manual_V_2.0_draft.pdf
legal-ethics-criminal-law-amendment-1961,Criminal Law (Amendment) Act 1961 s.2 - questioning the territorial integrity or frontiers of India by visible representation ('wrong map' offence),Parliament of India,legal-ethics,3,all-India,national,narrative-document,1961,1961,one-off,n/a,n/a,blocked,1,unstated,1,5,UNVERIFIED,2026-09-19,
legal-ethics-dpdp-s17-2-b-research,"DPDP Act 2023 s.17(2)(b) - research, archiving and statistical purposes exemption",Parliament of India / MeitY,legal-ethics,3,all-India,national,narrative-document,2023,2027-05-14,one-off,n/a,n/a,blocked,2,unstated,1,5,UNVERIFIED,2026-09-19,
legal-ethics-dpdp-act-2023,Digital Personal Data Protection Act 2023 (Act 22 of 2023),Parliament of India / MeitY,legal-ethics,3,all-India,national,narrative-document,2023,2025,irregular,n/a,n/a,blocked,2,unstated,1,5,UNVERIFIED,2026-09-19,"https://en.wikipedia.org/wiki/Digital_Personal_Data_Protection_Act,_2023"
legal-ethics-it-act-43-66-scraping,IT Act 2000 ss.43(b) and 66 - unauthorised downloading/extraction of data (the India scraping exposure),Parliament of India / MeitY,legal-ethics,3,all-India,national,narrative-document,2000,2023,irregular,n/a,n/a,blocked,2,unstated,1,5,UNVERIFIED,2026-09-19,"https://en.wikipedia.org/wiki/Information_Technology_Act,_2000"
legal-ethics-discrimination-law-gap,"Indian anti-discrimination law gap - redlining, tenant screening, insurance and lending",n/a - a documented absence of regulation,legal-ethics,3,all-India,national,narrative-document,unknown,2026,irregular,n/a,n/a,blocked,0,unknown,1,5,UNVERIFIED,2026-09-19,
legal-ethics-jj-act-s74,Juvenile Justice (Care and Protection of Children) Act 2015 s.74 - prohibition on disclosing identity of children,Parliament of India / Ministry of Women and Child Development,legal-ethics,3,all-India,national,narrative-document,2015,2021,irregular,n/a,n/a,blocked,2,unstated,1,5,UNVERIFIED,2026-09-19,"https://en.wikipedia.org/wiki/Juvenile_Justice_(Care_and_Protection_of_Children)_Act,_2015"
legal-ethics-ncrb-terms-robots,"NCRB website terms of use, copyright policy and robots.txt","National Crime Records Bureau, Ministry of Home Affairs",legal-ethics,2,all-India,national,narrative-document,unknown,unknown,irregular,n/a,n/a,blocked,0,unknown,1,5,UNVERIFIED,2026-09-19,https://ncrb.gov.in/en
legal-ethics-pocso-s23,"POCSO Act 2012 s.23 - procedure for media, prohibition on disclosing a child victim's identity",Parliament of India / Ministry of Women and Child Development,legal-ethics,3,all-India,national,narrative-document,2012,2019,irregular,n/a,n/a,blocked,2,unstated,1,5,UNVERIFIED,2026-09-19,"https://en.wikipedia.org/wiki/Protection_of_Children_from_Sexual_Offences_Act,_2012"
rti-act-2005,"Right to Information Act, 2005",Parliament of India,rti-playbook,1,all-India,national,narrative-document,2005,as amended,irregular,,n/a,open-download,1,unknown,1,5,UNVERIFIED,2026-09-19,
legal-ethics-youth-bar-fir-upload,"Youth Bar Association of India v Union of India, (2016) 9 SCC 473 - FIR upload directions",Supreme Court of India,legal-ethics,3,all-India,national,narrative-document,2016,2016,one-off,n/a,n/a,blocked,1,unstated,1,5,UNVERIFIED,2026-09-19,
rti-online-central-portal,RTI Online Portal (central),Department of Personnel & Training,rti-playbook,1,central ministries and subordinate bodies,national,narrative-document,2013,current,realtime,,n/a,login,0,unknown,2,5,UNVERIFIED,2026-09-19,https://rtionline.gov.in/
legal-ethics-survey-of-india-boundary,Survey of India - certification of external boundaries on maps published by private publishers,"Survey of India, Department of Science & Technology",legal-ethics,3,all-India,national,boundary-polygon,1767,2026,irregular,n/a,n/a,on-request,2,unknown,3,5,VERIFIED_LIVE,2026-09-19,https://en.wikipedia.org/wiki/Survey_of_India
geo-basemap-maplibre-pmtiles-soi,Compliant basemap architecture: MapLibre + PMTiles + Survey of India boundary overlay,"n/a (recommended architecture, not a third-party source)",geospatial-boundaries,3,all-India,national,boundary-polygon,n/a,n/a,irregular,n/a,n/a,open-download,5,"mixed: ODbL for OSM-derived cartography, Survey of India terms for boundaries",3,5,CITED,2026-09-19,https://dst.gov.in/sites/default/files/Final%20Approved%20Guidelines%20on%20Geospatial%20Data_0.pdf
mh-mumbai-police-station-roster,Mumbai Police — per-police-station pages with embedded map coordinates,Mumbai Police,state-police-west,2,Greater Mumbai,point,boundary-polygon,n/a,2025,irregular,n/a,n/a,scrape,3,unstated,2,4,VERIFIED_LIVE,2026-09-19,https://mumbaipolice.gov.in/policestation?ps=20
west-police-station-roster-latlon,"Police Stations roster with lat/lon (CityName, Station, Address, Longitude, Latitude)",Smart Cities / data.gov.in open data (exact publisher unresolved),state-police-west,1,Indian cities (schema is national; the copy I opened held only Amaravati rows),point,boundary-polygon,unknown,unknown,one-off,unknown,n/a,open-download,4,GODL-India,2,4,VERIFIED_LIVE,2026-09-19,https://github.com/VidhaanShahh/RoadSOS/blob/main/Police%20Stations_0.csv
civil-society-academic-acled-india,ACLED - Armed Conflict Location & Event Data Project (India),ACLED,civil-society-academic,4,"India, all states",point,incident-point,2016,current,weekly,~1 week,custom (ACLED event_type / sub_event_type),api-key,5,ToU-restricts-reuse - free for non-commercial and academic use with registration and attribution; commercial use and redistribution are separately licensed,2,4,CITED,2026-09-19,https://api.acleddata.com/acled/read
road-safety-emergency-mumbai-suburban-railway-deaths,Mumbai suburban railway unnatural deaths (GRP / Central & Western Railway),"Government Railway Police, Maharashtra; Central Railway; Western Railway",road-safety-emergency,2,Mumbai suburban railway network,point,aggregate-count,2002,2024,annual,1-3 months,custom (cause of unnatural death),rti-only,1,unknown,3,4,CITED,2026-09-19,
specialised-crime-nhrc-custodial,NHRC custodial death intimations and statistics (police custody and judicial custody),National Human Rights Commission of India,specialised-crime,3,all-India,point,case-record,1993,2026,annual,12-24 months,custom,blocked,1,unstated,4,4,CITED,2026-09-19,https://nhrc.nic.in/
media-crowdsourced-safetipin-audit-data,SafetiPin safety-audit point data (My SafetiPin / SafetiPin Nite / SafetiPin Site),SafetiPin (Kalpana Viswanath & Ashish Basu),media-crowdsourced,4,"20+ cities; India: Delhi NCR (since 2013), Mumbai, Bengaluru, Kolkata, others. Global: Bogota, Nairobi, Hanoi",point,incident-point,2013,"unknown (campaign-driven, not continuous)",irregular,months (campaign to report publication),n/a,on-request,1,ToU-restricts-reuse,5,4,CITED,2026-09-19,https://safetipin.com/
geo-digipin,DIGIPIN — India Post digital geocoded addressing system,"Department of Posts, Ministry of Communications (with IIT Hyderabad and NRSC/ISRO)",geospatial-boundaries,1,all-India,grid,point,2025,2026,realtime,n/a,n/a,open-download,5,Apache-2.0,1,4,VERIFIED_LIVE,2026-09-19,https://github.com/INDIAPOST-gov/digipin
geo-indianopenmaps,indianopenmaps — tile server for ~498 Indian geospatial layers,ramSeraph (community),geospatial-boundaries,4,all-India,village,boundary-polygon,unknown,2026-06,irregular,varies,n/a,open-download,5,varies per layer,2,4,VERIFIED_LANDING,2026-09-19,https://github.com/ramSeraph/indianopenmaps
geo-shrug,SHRUG — Socioeconomic High-resolution Rural-Urban Geographic Platform,"Development Data Lab (Sam Asher, Paul Novosad)",geospatial-boundaries,4,"all-India (500,000+ villages, 8,000+ towns)",village,boundary-polygon,1991,2021,irregular,varies,n/a,open-download,4,CC-BY-NC-SA-4.0,2,4,CITED,2026-09-19,https://www.devdatalab.org/atlas
geo-census-2027,Census of India 2027 (delayed decennial census),"Registrar General & Census Commissioner of India, MHA",geospatial-boundaries,1,all-India,village,aggregate-count,2026,2027,one-off,expect 12-24 months post-enumeration,n/a,open-download,2,unknown,3,4,CITED,2026-09-19,https://censusindia.gov.in
geo-national-ward-layers,National ward and ULB boundary layers (SBM / World Bank AMRUT / Esri LivingAtlas),"Swachh Bharat Mission, World Bank AMRUT programme, Esri India",geospatial-boundaries,3,all-India urban,ward,boundary-polygon,unknown,unknown,irregular,unknown,n/a,open-download,5,CC0,2,4,VERIFIED_LANDING,2026-09-19,https://github.com/yashveeeeeeer/india-geodata/tree/main/data/urban/wards
geo-pincode-boundaries,Pincode boundary polygons (DataMeet / data.gov.in / GSDL),"DataMeet community, data.gov.in, Geospatial Delhi Limited",geospatial-boundaries,4,all-India,ward,boundary-polygon,unknown,unknown (datameet/INDIA_PINCODES last updated 2018-11-02),irregular,unknown,n/a,open-download,4,CC0 for release files; DataMeet project licence for in-repo archives,2,4,VERIFIED_LANDING,2026-09-19,https://github.com/yashveeeeeeer/india-geodata/tree/main/data/postal
civil-society-academic-ddl-shrug,SHRUG - Socioeconomic High-resolution Rural-Urban Geographic Platform for India,Development Data Lab,civil-society-academic,4,all-India,ward,aggregate-count,1990,current,irregular,varies by component,n/a,open-download,4,open with attribution (confirm exact terms on the download page),2,4,VERIFIED_LANDING,2026-09-19,https://www.devdatalab.org/shrug_download/
rti-praja-method,Praja Foundation municipal RTI programme (method and outputs),Praja Foundation,rti-playbook,4,"Mumbai, Delhi, Bengaluru and others",ward,aggregate-count,unknown,current,annual,,custom,open-download,1,unknown,3,4,UNVERIFIED,2026-09-19,
media-crowdsourced-vernacular-press,"Indian-language crime press (Hindi, Marathi, Telugu, Tamil, Bengali, Malayalam, Kannada) - coverage-bias assessment","Dainik Bhaskar, Amar Ujala, Hindustan, Dainik Jagran, Rajasthan Patrika, Eenadu, Sakshi, Sakal, Lokmat, Dina Thanthi, Malayala Manorama, Mathrubhumi, Ananda Bazar Patrika, Vijayavani and others",media-crowdsourced,5,State and district editions across India; this is where sub-district crime reporting actually lives,ward,narrative-document,varies,realtime,daily,hours,n/a,scrape,1,ToU-restricts-reuse,5,4,CITED,2026-09-19,https://en.wikipedia.org/wiki/List_of_newspapers_in_India_by_circulation
mh-fir-scraper-corpus,Public GitHub corpus of harvested Maharashtra FIR data + scrapers,"Independent developers (Atharvayadav11, RudraBhagat, PALASH2201, shivam-sharma0)",state-police-west,5,"Maharashtra (sampled: Nashik City, Palghar, Mumbai)",police-station,fir-record,2025-06-21,2025-09-27,one-off,n/a,BNS,open-download,4,unknown,1,4,VERIFIED_LIVE,2026-09-19,https://github.com/Atharvayadav11/mahagovscrapper
state-police-east-ne-bhubaneswar-police-station-details-ogd,Bhubaneswar: Police Station Details (OGD resource),Bhubaneswar Smart City / OGD Platform India,state-police-east-ne,3,Bhubaneswar,police-station,boundary-polygon,n/a,unknown,one-off,n/a,n/a,open-download,4,GODL-India,1,4,CITED,2026-09-19,https://www.data.gov.in/resource/bhubaneswar-police-station-details
state-police-south-opencity-bcp-contact-info,Bengaluru City Police — Contact Info (station list + contacts),OpenCity (mirroring Bengaluru City Police),state-police-south,4,Bengaluru city,police-station,narrative-document,2012,2025,irregular,n/a,n/a,open-download,3,No License Provided,2,4,CITED,2026-09-19,https://data.opencity.in/dataset/bengaluru-city-police-contact-info
state-police-north-bprd-geocoding-police-stations,Geo-Coding of Police Stations in India (BPR&D project report),"Bureau of Police Research & Development, MHA",state-police-north,3,all-India,police-station,narrative-document,unknown,unknown,one-off,n/a,n/a,open-download,0,unstated,2,4,CITED,2026-09-19,https://bprd.nic.in/uploads/pdf/Geo-Coding%20of%20Police%20Stations.pdf
geo-gsdl-delhi,Geospatial Delhi Limited (GSDL) GIS layers,"Geospatial Delhi Limited, Government of NCT of Delhi",geospatial-boundaries,2,Delhi NCT,police-station,boundary-polygon,unknown,unknown,irregular,unknown,n/a,open-download,4,unstated,2,4,CITED,2026-09-19,https://groups.google.com/g/datameet/c/cNqq9bC_RTk
legal-ethics-bnss-37-arrest-display,BNSS 2023 s.37 - designated officer and public display of information on arrested persons,Parliament of India / Ministry of Home Affairs,legal-ethics,3,all-India,police-station,narrative-document,2024-07-01,2024-07-01,one-off,n/a,BNS,blocked,1,unstated,2,4,UNVERIFIED,2026-09-19,
state-police-south-ksp-police-station-map,District Police Stations map (KSP kspmap),Karnataka State Police,state-police-south,2,"Karnataka, 906 police stations, 230 circle offices, 91 SDPOs, 31 DPOs",police-station,incident-point,n/a,current,irregular,n/a,n/a,scrape,3,unstated,3,4,CITED,2026-09-19,https://ksp.karnataka.gov.in/kspmap/en
state-police-south-kerala-ps-directory,Kerala Police station directory & jurisdiction pages (ps.keralapolice.gov.in),Kerala Police,state-police-south,2,"Kerala, 564 police stations (2021: 484 law & order, 14 women, 13 railway, 18 coastal, 19 cybercrime, 1 crime branch, 1 ATS)",police-station,narrative-document,n/a,current,irregular,n/a,n/a,scrape,2,unstated,3,4,CITED,2026-09-19,https://ps.keralapolice.gov.in/thampanoor-ps
state-police-east-ne-meghalaya-crime-search,Meghalaya Police - Crime Search and daily Crime Incident,Meghalaya Police / SCRB Meghalaya,state-police-east-ne,2,Meghalaya,police-station,incident-point,unknown,2026 (rolling),daily,1-3 days,IPC+SLL,scrape,2,unstated,3,4,CITED,2026-09-19,https://megpolice.gov.in/crimes-search
state-police-east-ne-odisha-know-your-police-station,Odisha Police 'Know Your Police Station' and Web Directory,Odisha Police,state-police-east-ne,2,Odisha,police-station,boundary-polygon,n/a,2026,irregular,n/a,n/a,scrape,2,unstated,3,4,CITED,2026-09-19,https://police.odisha.gov.in/en/sun/web-directory
open-data-portals-opencity-police-jurisdiction-maps,OpenCity — Police jurisdiction maps for major cities of India,Civic Insights Foundation (OpenCity),open-data-portals,4,major Indian cities,police-station,boundary-polygon,unknown,unknown,irregular,unknown,n/a,open-download,2,unstated,3,4,CITED,2026-09-19,https://data.opencity.in/dataset/police-jurisdiction-maps-for-major-cities-of-india
geo-opencity-police-jurisdiction,Police Jurisdiction Maps for Major Cities of India (OpenCity CKAN),OpenCity / Oorvani Foundation,geospatial-boundaries,4,major Indian cities,police-station,boundary-polygon,unknown,unknown,irregular,unknown,n/a,blocked,3,unknown,3,4,CITED,2026-09-19,https://data.opencity.in/dataset/police-jurisdiction-maps-for-major-cities-of-india
road-safety-emergency-mumbai-traffic-police,Mumbai Traffic Police accident statistics,Mumbai Traffic Police / Mumbai Police,road-safety-emergency,2,Greater Mumbai police jurisdiction,police-station,aggregate-count,unknown,unknown,annual,unknown,n/a,on-request,1,unknown,3,4,UNVERIFIED,2026-09-19,
specialised-crime-zipnet,"ZIPNET - Zonal Integrated Police Network (missing persons, unidentified bodies, stolen vehicles)",Delhi Police (hosting for participating states),specialised-crime,2,NCR states and several others,police-station,victim-record,unknown,unknown,realtime,days,custom,scrape,2,unknown,3,4,UNVERIFIED,2026-09-19,
geo-bharatmaps-stategisportal,Bharatmaps / State GIS Portals (NICMAPS),National Informatics Centre,geospatial-boundaries,2,all-India via per-state portals,police-station,boundary-polygon,unknown,current,irregular,unknown,n/a,blocked,2,unstated,4,4,CITED,2026-09-19,https://stategisportal.nic.in/
state-police-north-hp-citizen-portal-fir,Himachal Pradesh Police Citizen Portal — FIR view/download & e-services,Himachal Pradesh Police,state-police-north,2,Himachal Pradesh,police-station,fir-record,2016-01-01,2026,daily,24 hours,IPC+SLL,login,2,ToU-restricts-reuse,4,4,CITED,2026-09-19,https://citizenportal.hppolice.gov.in/citizen/login.htm
civil-society-academic-praja-foundation,Praja Foundation city reports (incl. state of policing and law & order),Praja Foundation,civil-society-academic,4,"Mumbai, Delhi, Bengaluru and other cities",police-station,aggregate-count,unknown (~2010s),unknown,annual,<12 months,IPC,blocked,1,unknown,4,4,UNVERIFIED,2026-09-19,https://praja.org/
ncrb-cctns,Crime and Criminal Tracking Network and Systems (CCTNS),NCRB / Ministry of Home Affairs,ncrb-national,2,"all-India, 28 states + 8 UTs",police-station,fir-record,2013 (pilot 4 Jan 2013); state rollouts 2015-2019,live,realtime,n/a,IPC+SLL / BNS+SLL,blocked,0,ToU-restricts-reuse,5,4,CITED,2026-09-19,https://digitalpolice.gov.in/DigitalPolice/AboutUs
specialised-crime-trackchild,TrackChild / Khoya-Paya national portal for missing and found children,Ministry of Women and Child Development / NIC,specialised-crime,2,all-India,police-station,victim-record,~2012,2024,realtime,n/a for portal; years for publication,custom,login,2,GODL-India (for the OGD slice only),5,4,CITED,2026-09-19,https://karnataka.data.gov.in/resource/year-wise-cases-missing-children-reported-track-child-portal-including-maharashtra-during
specialised-crime-atrocity-prone-areas,Areas identified as atrocity-prone under Section 17(1) of the SC/ST (PoA) Act read with Rule 3(1) of the 1995 Rules,State governments (Social Welfare / SC-ST Welfare departments and state SC/ST Protection Cells),specialised-crime,2,state-by-state,police-station,boundary-polygon,1995,unknown,irregular,unknown,IPC+SLL,rti-only,0,unknown,5,4,UNVERIFIED,2026-09-19,
state-police-north-delhi-praja-white-paper,State of Policing and Law & Order in Delhi (White Paper),Praja Foundation,state-police-north,4,NCT of Delhi,police-district,aggregate-count,2012,2022,annual,6-12 months,IPC+SLL,open-download,1,unstated,2,4,CITED,2026-09-19,"https://praja.org/praja_docs/praja_downloads/Report%20on%20State%20of%20Policing%20and%20Law%20and%20Order%20in%20Delhi,%202022_Final.pdf"
state-police-south-ap-crime-statistics,Crime Statistics / Crime in AP — Andhra Pradesh Police,Andhra Pradesh Police,state-police-south,2,Andhra Pradesh (districts + Visakhapatnam and Vijayawada city commissionerates),police-district,aggregate-count,unknown,unknown,irregular,unknown,IPC+SLL / BNS+SLL,open-download,2,unstated,3,4,CITED,2026-09-19,https://appolice.gov.in/jsp/homePage.do?method=getCrimeInAP
state-police-south-tn-scrb-crime-statistics,"Crime Statistics, Tamil Nadu — State Crime Records Bureau annual report","State Crime Records Bureau, Chennai, Tamil Nadu Police",state-police-south,2,"Tamil Nadu, district and city-wise",police-district,aggregate-count,unknown (2020 edition confirmed),2023 (district CSVs on the mirror),annual,6-12 months,IPC+SLL,open-download,1,unstated,3,4,CITED,2026-09-19,https://data.opencity.in/dataset/c894271b-0cbf-4a17-b4fe-96685e125f09/resource/8a8bade6-ce22-4a62-ab77-02a57b287b3d/download/tn_cr_statistics_2020.pdf
state-police-south-ksp-crime-in-karnataka,Crime in Karnataka — year-wise crime statistics (KSP),Karnataka State Police,state-police-south,2,Karnataka (32 police districts + 6 commissionerates),police-district,aggregate-count,unknown,2025 (annual),annual,1-3 months,IPC+SLL (BNS from 2024-07-01),open-download,1,unstated,3,4,CITED,2026-09-19,https://ksp.karnataka.gov.in/new-page/Crime%20in%20Karnataka/en
state-police-north-delhi-police-statistics,Delhi Police — Crime Statistics,Delhi Police (Ministry of Home Affairs),state-police-north,2,NCT of Delhi (Delhi Police jurisdiction),police-district,aggregate-count,unknown,2025,annual,0-3 months (figures released each January for prior year),IPC+SLL,scrape,1,unstated,3,4,CITED,2026-09-19,https://delhipolice.gov.in/statistics
state-police-south-telangana-police-annual-report,Telangana Police Annual Report (DGP's annual crime review),"Telangana State Police, DGP office",state-police-south,2,"Telangana - statewide, broken down by commissionerate (Hyderabad, Cyberabad, Rachakonda, Warangal, Malkajgiri, Ramagundam, Nizamabad) and district",police-district,aggregate-count,unknown,"2024 edition, released 29 December 2024",annual,~0 months (released in the last days of the reporting year),IPC+SLL / BNS+SLL,on-request,1,unstated,4,4,CITED,2026-09-19,https://www.tspolice.gov.in/
state-police-south-bcp-crime-in-bengaluru,Crime in Bengaluru — Bengaluru City Police annual crime report (FIR-based),Bengaluru City Police,state-police-south,2,"Bengaluru City Police commissionerate (11 L&O divisions, 116 L&O stations, 53 traffic, 8 women, 9 CEN, 1 CCB)",city,aggregate-count,2021,2023 (mirror updated 2025-11-25); later editions likely on bcp.karnataka.gov.in,annual,~1 week after year end (press release in early January),"custom (BCP crime heads: total, children, cyber, accidental/suicide, women)",open-download,3,'Other (Public Domain)' on the OpenCity mirror; original BCP terms UNVERIFIED,1,4,CITED,2026-09-19,https://data.opencity.in/dataset/bengaluru-crime-data-2023
state-police-east-ne-ranchi-smartcity-crimes-ogd,Crimes in Ranchi (Smart Cities Mission open dataset),"Ministry of Housing and Urban Affairs, Smart Cities Mission / Ranchi Smart City",state-police-east-ne,3,Ranchi city,city,aggregate-count,unknown,2025-02-17 (dataset last updated),irregular,unknown,custom,open-download,4,GODL-India,2,4,CITED,2026-09-19,https://www.data.gov.in/catalog/crimes-ranchi
road-safety-emergency-morth-rai-million-plus-cities,Road Accidents in India - million-plus cities tables,"Ministry of Road Transport & Highways, Transport Research Wing",road-safety-emergency,1,~50 million-plus cities of India,city,aggregate-count,2005,calendar year 2024,annual,16-18 months,custom,open-download,1,GODL-India (assumed),3,4,CITED,2026-09-19,https://morth.gov.in/backend/documents/uploaded/Road-Accident-in-India-2023-Publications.pdf
media-crowdsourced-indian-news-archives-rss,"Indian English-language news outlet archives and RSS (ToI, The Hindu, HT, Indian Express, Deccan Herald, Telegraph India, city editions)",Various commercial publishers,media-crowdsourced,5,"All-India with city-edition sections (Delhi, Mumbai, Bengaluru, Hyderabad, Chennai, Kolkata, Pune)",city,narrative-document,~2000 (outlet-dependent),realtime,realtime,minutes to hours,n/a,scrape,2,ToU-restricts-reuse,3,4,UNVERIFIED,2026-09-19,
civil-society-academic-idfc-satarc,SATARC - Safety Trends and Reporting of Crime (multi-city victimisation survey),IDFC Institute,civil-society-academic,4,"Mumbai, Delhi, Chennai, Bengaluru",city,survey-respondent,unknown (mid-to-late 2010s),unknown,one-off,unknown,custom,on-request,1,unknown,3,4,UNVERIFIED,2026-09-19,
state-police-east-ne-odisha-open-data-crime,"Odisha Open Government Data Portal - Crime rate group, and district-wise IPC/SLL cases on data.gov.in",Government of Odisha / NIC OGD Platform India,state-police-east-ne,1,Odisha,district,aggregate-count,unknown,unknown,annual,12-24 months,IPC+SLL,open-download,4,GODL-India,1,4,CITED,2026-09-19,https://www.data.gov.in/catalog/district-wise-crime-cases-ipc-and-sll-reported-odisha
open-data-portals-opencity-tamil-nadu-crime,OpenCity — Tamil Nadu crime data (2014-2022),Civic Insights Foundation (OpenCity),open-data-portals,4,Tamil Nadu (38 districts),district,aggregate-count,2014,2022,annual,1-2 years,IPC,open-download,4,unstated,1,4,CITED,2026-09-19,https://data.opencity.in/dataset/tamil-nadu-crime-data-2022
civil-society-academic-factly-dataful,Factly / Dataful - Indian open data repository,Factly Media & Research,civil-society-academic,5,all-India,district,aggregate-count,varies,current,irregular,varies,NCRB-heads (for crime series),api-key,5,unknown - likely ToU-restricted for redistribution,1,4,UNVERIFIED,2026-09-19,https://dataful.in/
judiciary-prisons-ecourts-cnr-scheme,CNR (Case Number Record) — national case identifier and its encoded geography,"eCommittee, Supreme Court of India / NIC",judiciary-prisons,3,all-India,district,case-record,~2013,current,realtime,n/a,n/a,captcha,3,unstated,2,4,VERIFIED_LIVE,2026-09-19,https://services.ecourts.gov.in/ecourtindia_v6/?p=home/index
judiciary-prisons-openjustice-ecourts-toolkit,openjustice-in/ecourts — open-source eCourts scraping toolkit,Open Justice India (community),judiciary-prisons,4,all High Courts and benches (district courts in progress),district,case-record,n/a,current,irregular,n/a,IPC+SLL,open-download,5,GPL-3.0-or-later,2,4,VERIFIED_LIVE,2026-09-19,https://github.com/openjustice-in/ecourts
road-safety-emergency-delhi-transport-publications,"Delhi Transport Department road safety publications (Road Crash Fatality Reports, Road Safety Data to Action)","Transport Department, Government of NCT of Delhi",road-safety-emergency,2,NCT of Delhi,district,aggregate-count,2020,2022,annual,12 months,n/a,open-download,1,unstated,2,4,CITED,2026-09-19,https://transport.delhi.gov.in/sites/default/files/inline-files/east.pdf
state-police-east-ne-mizoram-crsmizo-district-crime,Mizoram consolidated district crime figures (Home Department CRS),"Home Department, Government of Mizoram",state-police-east-ne,2,Mizoram,district,aggregate-count,unknown,unknown,annual,unknown,IPC+SLL,open-download,2,unstated,2,4,CITED,2026-09-19,http://crsmizo.mizoram.gov.in/administrative/index.php?page=administrative_crime_district&title=Crime+Figure+-+Home+Department
state-police-east-ne-tripura-district-crime-data,Tripura Police - District wise Crime Data,"Tripura Police, Government of Tripura",state-police-east-ne,2,Tripura,district,aggregate-count,unknown,2025 (calendar-year figures released early 2026),annual,1-3 months,IPC+SLL,open-download,2,unstated,2,4,CITED,2026-09-19,https://police.tripura.gov.in/district_crime_data
civil-society-academic-replication-district-panels,Academic replication data - digitised NCRB district crime panels,"various (AEA Data and Code Repository, Harvard Dataverse, ICPSR)",civil-society-academic,4,all-India (varies by paper),district,aggregate-count,~1970s,"varies, mostly pre-2015",one-off,n/a,NCRB-heads,open-download,4,varies (most AEA/Dataverse deposits are open with attribution),2,4,UNVERIFIED,2026-09-19,
ncrb-ndap-mirror,"NCRB series on NDAP (National Data & Analytics Platform, NITI Aayog)",NITI Aayog,ncrb-national,1,all-India,district,aggregate-count,unknown,unknown,irregular,unknown,IPC+SLL,login,4,GODL-India,2,4,UNVERIFIED,2026-09-19,https://ndap.niti.gov.in/
rti-ask-state-crime-review,RTI ask: state annual crime review in source spreadsheet form,State Crime Records Bureau,rti-playbook,2,per state filed,district,aggregate-count,varies,current,annual,,NCRB-heads,rti-only,4,unknown,2,4,UNVERIFIED,2026-09-19,
state-police-east-ne-assam-crime-data,Assam Police - Crime Data,"Assam Police, Department of Home and Political Affairs, Government of Assam",state-police-east-ne,2,Assam,district,aggregate-count,unknown,unknown,irregular,unknown,IPC+SLL,open-download,1,unstated,3,4,CITED,2026-09-19,https://police.assam.gov.in/information-services/crime-data
state-police-north-hp-crime-review,Crime Review — Himachal Pradesh State Crime Records Bureau,"State Crime Records Bureau, CID, Himachal Pradesh Police",state-police-north,2,Himachal Pradesh,district,aggregate-count,unknown,2017 (latest edition confirmed),annual,12-18 months,IPC+SLL,open-download,1,unstated,3,4,CITED,2026-09-19,https://citizenportal.hppolice.gov.in/citizen/downloadancrfile.htm?id=12&stov=62HR-8K88-11NX-88J0-78GZ-MG8P-0BWF-0FPC
state-police-north-up-crime-in-up,Crime in UP — Uttar Pradesh State Crime Records Bureau (annual),"State Crime Records Bureau, Uttar Pradesh Police",state-police-north,2,Uttar Pradesh,district,aggregate-count,unknown,2016 (edition confirmed),annual,~14 months,IPC+SLL,open-download,1,unstated,3,4,CITED,2026-09-19,https://uppolice.gov.in/site/writereaddata/siteContent/201803081336125597CrimeinUP2016.pdf
mha-parliament-lwe-division,MHA Left Wing Extremism Division - LWE-affected district classification and violence data,"Left Wing Extremism Division, Ministry of Home Affairs",mha-parliament,3,"all-India (historically ~10 states, Red Corridor)",district,aggregate-count,2005,2026-07-21,irregular,weeks to months; district reclassification is announced by press note,custom,open-download,1,GODL-India,3,4,CITED,2026-09-19,https://www.mha.gov.in/en/divisionofmha/left-wing-extremism-division
state-police-east-ne-meghalaya-statistics,Meghalaya Police - Statistics (district-wise crime data 2010-2023),"State Crime Records Bureau, Meghalaya Police, Shillong",state-police-east-ne,2,Meghalaya,district,aggregate-count,2010,2023,annual,12-24 months,IPC+SLL,open-download,1,unstated,3,4,CITED,2026-09-19,https://megpolice.gov.in/crime/Crime_Chart_WJH.pdf
state-police-north-haryana-scrb-statwing,SCRB Haryana — Statistical Wing (Crime Record Office),"State Crime Records Bureau, Haryana Police",state-police-north,2,Haryana,district,aggregate-count,unknown,unknown,monthly,unknown,NCRB-heads,scrape,1,unstated,3,4,CITED,2026-09-19,https://scrb.haryanapolice.gov.in/statwing
rti-alternative-assembly-questions,Assembly and Parliament questions as an RTI alternative,State Legislative Assemblies / Parliament of India,rti-playbook,3,all-India,district,narrative-document,varies,current,irregular,,NCRB-heads,on-request,2,unknown,3,4,UNVERIFIED,2026-09-19,
state-police-east-ne-bihar-scrb-crime-in-bihar,Crime in Bihar (annual SCRB publication),"State Crime Records Bureau, Bihar Police (Sardar Patel Bhawan, Patna)",state-police-east-ne,2,Bihar,district,aggregate-count,2018,2020,annual,12-24 months,IPC+SLL,open-download,1,unstated,4,4,CITED,2026-09-19,https://scrb.bihar.gov.in/images/Crime%20in%20Bihar.pdf
ncrb-cii-2022,Crime in India 2022 (Book 1 / Volume I),National Crime Records Bureau (NCRB),ncrb-national,1,all-India,district,aggregate-count,2022,2022,annual,~12 months,IPC+SLL,open-download,2,unstated,4,4,CITED,2026-09-19,https://www.ncrb.gov.in/uploads/nationalcrimerecordsbureau/custom/1701607577CrimeinIndia2022Book1.pdf
mha-parliament-sansad-rs-questions,Rajya Sabha Questions - rsdoc.nic.in Search_Questions and sansad.in RS Q&A,Rajya Sabha Secretariat / NIC,mha-parliament,3,all-India,district,narrative-document,session 234 era (2015) for reliable coverage,current session,irregular,days after the sitting,IPC+SLL,scrape,3,unstated,4,4,CITED,2026-09-19,https://cms.rajyasabha.nic.in/UploadedFiles/Questions/QuestionsList/259/English_202326_EngUQ060223.pdf
specialised-crime-ncrp-portal,National Cyber Crime Reporting Portal (NCRP),"Indian Cyber Crime Coordination Centre (I4C), Ministry of Home Affairs",specialised-crime,2,all-India,district,case-record,2019-08-30,live (2026-09),realtime,n/a for intake; public stats irregular,custom,login,1,unknown,5,4,CITED,2026-09-19,https://cybercrime.gov.in/
state-police-north-chandigarh-crime-stats-rti,Chandigarh crime statistics — NOT PUBLISHED (negative finding),Chandigarh UT Police,state-police-north,2,Chandigarh UT,district,aggregate-count,unknown,unknown,irregular,30 days statutory (RTI),IPC+SLL,rti-only,0,unknown,5,4,UNVERIFIED,2026-09-19,
state-police-north-punjab-crime-stats-rti,Punjab crime statistics — NOT PUBLISHED (negative finding),Punjab Police,state-police-north,2,Punjab,district,aggregate-count,unknown,unknown,irregular,30 days statutory (RTI),IPC+SLL,rti-only,0,unknown,5,4,UNVERIFIED,2026-09-19,
state-police-north-uttarakhand-crime-stats-rti,Uttarakhand crime statistics — NOT PUBLISHED (negative finding),Uttarakhand Police,state-police-north,2,Uttarakhand,district,aggregate-count,unknown,unknown,irregular,30 days statutory (RTI),IPC+SLL,rti-only,0,unknown,5,4,UNVERIFIED,2026-09-19,
civil-society-academic-nfhs5-state-gbv,NFHS-5 State/UT Fact Sheets - Gender Based Violence block (indicators 125-127),IIPS / MoHFW,civil-society-academic,1,"all-India, 36 states/UTs",state,aggregate-count,2019,2021,irregular,1-3 years,n/a,open-download,3,unstated (GoI publication),1,4,VERIFIED_LIVE,2026-09-19,https://raw.githubusercontent.com/Divya-Asnani/Haven-Cart-Innovate4Impact-Hackathon/main/data/processed/nfhs_violence_reference.csv
west-digitalpolice-portal-index,Digital Police Portal — national index of State Police Citizen Portals,Ministry of Home Affairs / NCRB,state-police-west,1,all-India,state,narrative-document,2017,unknown,irregular,n/a,n/a,open-download,2,unstated,1,4,CITED,2026-09-19,https://digitalpolice.gov.in/DigitalPolice/portal
state-police-east-ne-ncrb-ne-reporting-reliability,NCRB reporting reliability for North East states - caveat dossier,"Various (ORF, CJP, FACTLY, Morung Express, Eastern Mirror, Assam Tribune)",state-police-east-ne,4,North East India,state,narrative-document,2014,2026,irregular,n/a,NCRB-heads,open-download,1,unknown,1,4,CITED,2026-09-19,https://cjp.org.in/counting-crimes-discounting-justice-the-ncrbs-statistical-blind-spots/
road-safety-emergency-ncrb-adsi,Accidental Deaths & Suicides in India (ADSI),"National Crime Records Bureau, Ministry of Home Affairs",road-safety-emergency,1,all-India,state,aggregate-count,1967,2023,annual,12-20 months,NCRB-heads,open-download,2,GODL-India,2,4,CITED,2026-09-19,https://data.opencity.in/dataset/accidental-deaths-and-suicides-in-india-2023
mha-parliament-ogd-rs-answers-data,"Answers Data of Rajya Sabha Questions (data.gov.in, per session)","Parliament Section, MHA / NIC Open Government Data Platform",mha-parliament,1,all-India; individual resources are often State/UT-wise tables,state,aggregate-count,session 234,session 265+,irregular,1-6 months after session end,custom,api-key,4,GODL-India,2,4,CITED,2026-09-19,https://www.data.gov.in/catalog/answers-data-rajya-sabha-questions-session-263
ncrb-hrf-metadata-compendium,Crime against women and girls in India: the NCRB data and metadata 1953-2022 ('How She Figures'),Human Rights Forum / hrf.net.in (civil society),ncrb-national,4,all-India,state,narrative-document,1953,2022,one-off,n/a,IPC,open-download,1,unknown,2,4,CITED,2026-09-19,https://hrf.net.in/wp-content/uploads/VAWG-howshefigures-ncrb-and-meta-data-1953-2022.pdf
road-safety-emergency-tripc-india-status-report,India Status Report on Road Safety (annual),IIT Delhi (TRIPC),road-safety-emergency,4,"all-India, by state",state,aggregate-count,2023,2024,annual,6-12 months,n/a,open-download,1,unstated,2,4,CITED,2026-09-19,https://tripc.iitd.ac.in/assets/publication/India_Status_Report_on_Road_Safety-20242.pdf
open-data-portals-karnataka-monthly-crime-review,"Karnataka Police Crime Review, monthly 2022 (data.gov.in)","Police Department - Police Computer Wing, Home Department, Karnataka",open-data-portals,2,Karnataka,state,aggregate-count,2022-01,2022-07,monthly,1-2 months,IPC+SLL,api-key,4,GODL-India,2,4,CITED,2026-09-19,https://api.data.gov.in/resource/36e64214a24a4d77abdacfce6248a4a0
specialised-crime-ncrp-ogd-statewise,State/UT-wise Details of Statistics on National Cyber Crime Reporting Portal (NCRP) Related to Cyber Fraud Cases as on 28-02-2025,I4C / MHA via NIC Open Government Data (OGD) Platform India,specialised-crime,1,all-India,state,aggregate-count,unknown,2025-02-28,irregular,a few months,custom,open-download,4,GODL-India,2,4,CITED,2026-09-19,https://www.data.gov.in/resource/stateut-wise-details-statistics-national-cyber-crime-reporting-portal-ncrp-related-cyber
state-police-north-datagovin-crime-review,"data.gov.in — Crime Review catalogues (2024, 2025, 2026)",NIC / Open Government Data (OGD) Platform India,state-police-north,1,all-India,state,aggregate-count,2024,2026,monthly,unknown,NCRB-heads,open-download,3,GODL-India,2,4,CITED,2026-09-19,https://www.data.gov.in/catalog/crime-review-year-2024
mha-parliament-bprd-dopo,Data on Police Organisations (DoPO),"Bureau of Police Research & Development (BPR&D), MHA",mha-parliament,1,"all States/UTs, CPOs and CAPFs",state,aggregate-count,1986,as on 01.01.2024 (released 1 July 2025),annual,12-18 months (01.01.2024 snapshot published July 2025),n/a,open-download,1,GODL-India,3,4,CITED,2026-09-19,https://bprd.nic.in/page/data_on_police_organization_dopo
road-safety-emergency-parliament-questions,Lok Sabha / Rajya Sabha questions and answers on road safety,Lok Sabha Secretariat / Rajya Sabha Secretariat,road-safety-emergency,3,all-India,state,aggregate-count,1999 (digitised),current session,irregular,days,n/a,open-download,2,unstated (Government of India proceedings),3,4,CITED,2026-09-19,
road-safety-emergency-morth-road-accidents-india,Road Accidents in India (annual report),"Ministry of Road Transport & Highways, Transport Research Wing",road-safety-emergency,1,all-India,state,aggregate-count,1970,calendar year 2024 (released ~June 2026),annual,16-18 months,custom (MoRTH accident recording format),open-download,1,"GODL-India (assumed, unstated on document)",3,4,CITED,2026-09-19,https://morth.gov.in/backend/documents/uploaded/Road-Accident-in-India-2023-Publications.pdf
specialised-crime-mha-parliament-answers,MHA / MoSJE / MWCD Parliament answers (Lok Sabha and Rajya Sabha) carrying state-wise crime annexures,Ministry of Home Affairs and allied ministries,specialised-crime,3,all-India,state,aggregate-count,~2017 (in this URL scheme),2025-12,irregular,none once tabled,NCRB-heads,open-download,1,unstated,4,4,CITED,2026-09-19,https://www.mha.gov.in/MHA1/Par2017/pdfs/par2025-pdfs/LS02122025/452.pdf
legal-ethics-it-rules-2021,"IT (Intermediary Guidelines and Digital Media Ethics Code) Rules 2021 - due diligence, grievance officer, takedown timelines",Ministry of Electronics and Information Technology,legal-ethics,3,all-India,national,narrative-document,2021-02-25,2023-03-01,irregular,n/a,n/a,blocked,2,unstated,1,4,VERIFIED_LIVE,2026-09-19,"https://en.wikipedia.org/wiki/Information_Technology_Rules,_2021"
legal-ethics-it-act-79-safe-harbour,"IT Act 2000 s.79 - intermediary safe harbour, as read down in Shreya Singhal v Union of India",Parliament of India / Supreme Court of India,legal-ethics,3,all-India,national,narrative-document,2000,2015,irregular,n/a,n/a,blocked,2,unstated,1,4,VERIFIED_LIVE,2026-09-19,"https://en.wikipedia.org/wiki/Information_Technology_Act,_2000"
mha-parliament-oss-pq-mirrors,Open-source Parliament Q&A mirrors and extraction pipelines,"Community (indiavotes, NakliTechie, herrrickshaw, livelifelively, CMHLP, OpenSanctions)",mha-parliament,4,all-India,national,narrative-document,1999 (backfill depth varies),2026 (daily GitHub Actions refresh),daily,1 day,n/a,open-download,4,unknown,1,4,VERIFIED_LIVE,2026-09-19,https://github.com/NakliTechie/sansadsaar-proceedings-data
civil-society-academic-no-national-victimisation-survey,Absence of a national crime victimisation survey for India (documented negative finding),n/a,civil-society-academic,4,all-India,national,narrative-document,n/a,2026,one-off,n/a,n/a,open-download,0,n/a,1,4,CITED,2026-09-19,
legal-ethics-copyright-act-1957,"Copyright Act 1957 - ss.2(k), 17(d), 28, 52(1)(q) (government works and the reproduction exception)",Parliament of India / Department for Promotion of Industry and Internal Trade,legal-ethics,3,all-India,national,narrative-document,1957,2012,irregular,n/a,n/a,blocked,2,unstated,1,4,CITED,2026-09-19,https://indiankanoon.org/doc/648494/
road-safety-emergency-morth-accident-reporting-formats,Revised Road Accidents Data Recording and Reporting Formats,Ministry of Road Transport & Highways,road-safety-emergency,2,all-India,national,narrative-document,2016,unknown,one-off,n/a,n/a,open-download,3,GODL-India (assumed),1,4,CITED,2026-09-19,https://morth.gov.in/print/9989
legal-ethics-rtbf-caselaw,Right to be forgotten / de-indexing and masking after acquittal - Indian case bundle,"Delhi High Court, Madras High Court, Karnataka High Court, Supreme Court of India",legal-ethics,3,all-India,national,narrative-document,2016,2026,irregular,n/a,n/a,blocked,1,unstated,1,4,CITED,2026-09-19,https://www.verdictum.in/court-updates/high-courts/delhi-high-court-xxx-v-india-today-group-2024dhc5535-right-to-be-forgotten-right-to-privacy-right-to-freedom-of-expression-1546120
legal-ethics-group-defamation-standing,"Group defamation standing - RWAs, builders and municipalities (and the absence of Indian map/rating precedent)",Indian courts (no controlling authority identified),legal-ethics,3,all-India,national,narrative-document,unknown,unknown,irregular,n/a,n/a,blocked,0,unknown,1,4,UNVERIFIED,2026-09-19,
road-safety-emergency-worldbank-irad-docs,World Bank project documentation for iRAD / India road safety,World Bank,road-safety-emergency,3,all-India,national,narrative-document,unknown,unknown,irregular,unknown,n/a,open-download,3,CC-BY-3.0-IGO,1,4,UNVERIFIED,2026-09-19,https://documents.worldbank.org/
legal-ethics-datagovin-terms,data.gov.in site terms of use and robots.txt (distinct from GODL),"NIC / MeitY, Open Government Data Platform India",legal-ethics,3,all-India,national,narrative-document,unknown,unknown,irregular,n/a,n/a,blocked,0,GODL-India,1,4,UNVERIFIED,2026-09-19,https://www.data.gov.in/
rti-ncrb-state-return-proforma,NCRB blank state-return proforma,National Crime Records Bureau,rti-playbook,1,all-India,national,narrative-document,unknown,current,annual,,NCRB-heads,rti-only,2,unknown,2,4,UNVERIFIED,2026-09-19,
legal-ethics-ecourts-terms-robots,"eCourts / NJDG terms of use, disclaimer and robots.txt","eCommittee, Supreme Court of India / National Informatics Centre",legal-ethics,3,all-India,national,narrative-document,unknown,unknown,irregular,n/a,n/a,blocked,0,unknown,2,4,UNVERIFIED,2026-09-19,https://ecourts.gov.in/
rti-cic-decisions,Central Information Commission decisions database,Central Information Commission,rti-playbook,1,all-India,national,narrative-document,2005,current,daily,,n/a,open-download,1,unknown,3,4,UNVERIFIED,2026-09-19,https://cic.gov.in/
geo-mappls,Mappls / MapmyIndia (CE Info Systems),CE Info Systems Ltd,geospatial-boundaries,5,all-India,address,point,n/a,current,realtime,n/a,n/a,api-key,5,ToU-restricts-reuse,2,3,UNVERIFIED,2026-09-19,https://www.mappls.com
geo-photon,"Photon (self-hosted OSM geocoder, typo-tolerant autocomplete)",Komoot,geospatial-boundaries,5,all-India,address,point,n/a,current,realtime,n/a,n/a,open-download,5,"Apache-2.0 software, ODbL data",3,3,UNVERIFIED,2026-09-19,https://photon.komoot.io
geo-soi-livingatlas-police-points,Police station points — Survey of India / Esri LivingAtlas / MP Police,"Survey of India (indiamaps.gov.in), Esri India LivingAtlas, Madhya Pradesh Police",geospatial-boundaries,2,"all-India (SOI, LivingAtlas) + Madhya Pradesh",point,point,unknown,unknown,irregular,unknown,n/a,open-download,5,"CC0-1.0 per release notes, attribution requested",2,3,VERIFIED_LANDING,2026-09-19,https://github.com/ramSeraph/indian_facilities/releases/tag/police-stations
state-police-north-arcgis-india-police-stations,India Police Station Locations (ArcGIS Online feature layer),unknown ArcGIS Online contributor,state-police-north,5,all-India,point,boundary-polygon,unknown,unknown,one-off,unknown,n/a,blocked,4,unknown,2,3,CITED,2026-09-19,https://www.arcgis.com/home/item.html?id=35371bda12c74ae39b19e5c45c91cc19
road-safety-emergency-gsi-bhukosh-landslide,GSI Bhukosh - national landslide incident inventory and susceptibility mapping,Geological Survey of India,road-safety-emergency,1,"all-India, dense in Himalaya, Western Ghats and Northeast",point,incident-point,unknown,unknown,annual,6-18 months,n/a,open-download,4,unstated,2,3,UNVERIFIED,2026-09-19,
geo-indiapost-pincode-directory,India Post PIN code / post office directory,Department of Posts,geospatial-boundaries,1,all-India,point,point,unknown,current,irregular,unknown,n/a,open-download,4,GODL-India (likely),2,3,UNVERIFIED,2026-09-19,https://www.indiapost.gov.in
geo-osm-india,OpenStreetMap India — amenity=police POIs and administrative boundary relations,OpenStreetMap Foundation / OSM India community,geospatial-boundaries,5,all-India,point,point,2004,current,realtime,minutes,n/a,open-download,5,ODbL-1.0,2,3,UNVERIFIED,2026-09-19,https://download.geofabrik.de/asia/india.html
media-crowdsourced-safecity,Safecity crowdsourced sexual-harassment report map,"Red Dot Foundation (Safecity), Mumbai",media-crowdsourced,4,"India (densest: Delhi, Mumbai, Pune, Patna, Ahmedabad) plus Kenya, Cameroon, Nepal, Malaysia",point,incident-point,2012-12,2026 (platform still live; last report date unconfirmed),realtime,minutes to days (moderation queue),custom,scrape,3,ToU-restricts-reuse,3,3,CITED,2026-09-19,http://maps.safecity.in/reports
road-safety-emergency-maharashtra-highway-police-irad,Maharashtra Highway Traffic Police - iRAD/eDAR,Maharashtra Highway Traffic Police,road-safety-emergency,2,Maharashtra highways,point,incident-point,2021,current,realtime,n/a,custom (MoRTH accident format),login,0,unknown,5,3,CITED,2026-09-19,https://highwaypolice.maharashtra.gov.in/info-dar-page/
road-safety-emergency-emri-108,108 Emergency Ambulance Service incident and dispatch data,GVK EMRI and state health departments / National Health Mission,road-safety-emergency,3,~15+ states,point,incident-point,2005,current,realtime,n/a,custom (emergency type incl. road traffic accident),on-request,0,unknown,5,3,UNVERIFIED,2026-09-19,
road-safety-emergency-tn-radms,Tamil Nadu Road Accident Data Management System (RADMS),Tamil Nadu Police / Tamil Nadu Highways Department,road-safety-emergency,2,Tamil Nadu,point,incident-point,~2009,unknown,realtime,unknown,custom,on-request,0,unknown,5,3,UNVERIFIED,2026-09-19,
road-safety-emergency-bhuvan-ndem,Bhuvan / National Database for Emergency Management - flood and hazard layers,"National Remote Sensing Centre, ISRO",road-safety-emergency,1,all-India,grid,boundary-polygon,~2010,unknown,irregular,days for flood mapping,n/a,api-key,4,Bhuvan ToU restricts redistribution,3,3,UNVERIFIED,2026-09-19,
geo-bhuvan,Bhuvan national geoportal,NRSC / ISRO,geospatial-boundaries,1,all-India,village,boundary-polygon,unknown,current,irregular,unknown,n/a,login,4,unstated,3,3,CITED,2026-09-19,https://bhuvan.nrsc.gov.in
open-data-portals-opencity-support-geography,"OpenCity — supporting geography (station points, ward boundaries, census denominators)",Civic Insights Foundation (OpenCity); DataMeet,open-data-portals,4,"Bengaluru, Kolkata, Pune and other cities",ward,boundary-polygon,2011,2025,irregular,varies,n/a,open-download,4,CC-BY-4.0 (DataMeet); No License Provided (OpenCity contact set),2,3,CITED,2026-09-19,https://data.opencity.in/dataset/kolkata-wards-information
media-crowdsourced-99acres-locality-reviews,99acres locality reviews and multi-parameter locality ratings,99acres.com (Info Edge India Ltd),media-crowdsourced,5,Indian cities and their named localities,ward,survey-respondent,unknown,ongoing,irregular,n/a,n/a,scrape,1,ToU-restricts-reuse,3,3,CITED,2026-09-19,https://www.99acres.com/
media-crowdsourced-safetipin-city-reports,SafetiPin published city safety-audit reports (PDF),SafetiPin,media-crowdsourced,4,"Per-city / per-corridor (Kolkata citywide major roads; James Long Sarani corridor, Kolkata)",ward,aggregate-count,2021,2021 (for the two confirmed reports),one-off,months,n/a,open-download,1,unstated,4,3,CITED,2026-09-19,https://safetipin.com/wp-content/uploads/2021/04/social-vulnerability-audit-report-in-kolkata-safetipin-2021.pdf
road-safety-emergency-state-fire-services,State Fire & Emergency Services incident statistics,State Directorates of Fire & Emergency Services; DG Fire Services/Civil Defence (MHA) at centre,road-safety-emergency,2,state-specific,ward,incident-point,unknown,unknown,annual,6-18 months,custom (call type),rti-only,1,unknown,4,3,UNVERIFIED,2026-09-19,
state-police-north-ladakh-police-citizen-portal,Ladakh Police — Citizen Portal & formations,"Ladakh Police, UT Administration of Ladakh",state-police-north,2,"Ladakh UT (Leh, Kargil)",police-station,fir-record,unknown,2026,daily,days,IPC+SLL,login,2,unstated,2,3,CITED,2026-09-19,https://police.ladakh.gov.in/pages/formation.html
state-police-south-kerala-thuna-arrest-search,THUNA — Arrest Search (Kerala Police),Kerala Police,state-police-south,2,Kerala,police-station,case-record,unknown,current,daily,days,IPC+SLL,scrape,1,unstated,3,3,CITED,2026-09-19,https://www.thuna.keralapolice.gov.in/arrest-search
state-police-east-ne-wb-district-police-station-rosters,West Bengal district police 'Police Stations' rosters (*.wb.gov.in),Individual West Bengal police districts and commissionerates,state-police-east-ne,2,"West Bengal, per police district",police-station,boundary-polygon,n/a,2026,irregular,n/a,n/a,scrape,2,unstated,3,3,CITED,2026-09-19,https://barrackporepolice.wb.gov.in/PoliceStations
ga-citizen-view-fir,Goa Police Citizen Portal — View FIR / FIR document search,"Goa Police, Government of Goa",state-police-west,2,Goa,police-station,fir-record,unknown,unknown,daily,days,BNS,login,1,unstated,4,3,CITED,2026-09-19,https://citizen.goapolice.gov.in/web/guest/view-fir
state-police-north-haryana-citizen-services,"Haryana Police — Citizen Services (FIR, lost article, complaints)",Haryana Police,state-police-north,2,Haryana,police-station,fir-record,unknown,2026,daily,days,IPC+SLL,login,2,ToU-restricts-reuse,4,3,CITED,2026-09-19,https://www.haryanapolice.gov.in/Citizen_services
state-police-east-ne-kolkata-police,Kolkata Police official website and Criminal Record System,"Kolkata Police, Government of West Bengal",state-police-east-ne,2,"Kolkata Police jurisdiction (91 police stations, 10 divisions)",police-station,narrative-document,unknown,2026,irregular,unknown,IPC+SLL,open-download,1,unstated,4,3,CITED,2026-09-19,https://kolkatapolice.gov.in/new-crime-trends/
mh-praja-mumbai-whitepaper,Praja Foundation — State of Policing and Law & Order in Mumbai (white papers),Praja Foundation,state-police-west,4,Mumbai,police-station,aggregate-count,~2015,2023,annual,6-12 months,IPC,open-download,1,unknown,4,3,CITED,2026-09-19,https://www.praja.org/praja_docs/praja_downloads/Report%20on%20State%20of%20Policing%20and%20Law%20and%20Order%20in%20Mumbai%202023.pdf
state-police-north-rajasthan-fir-search,Rajasthan Police — FIR search / RajCop Citizen,Rajasthan Police,state-police-north,2,Rajasthan,police-station,fir-record,unknown,2026,daily,days,IPC+SLL,captcha,2,ToU-restricts-reuse,4,3,CITED,2026-09-19,https://police.rajasthan.gov.in/old/Investigation_Home.aspx
state-police-north-up-citizen-services,UP Police — Citizen Services / e-FIR / UPCOP,Uttar Pradesh Police,state-police-north,2,Uttar Pradesh,police-station,fir-record,unknown,2026,daily,days,IPC+SLL,login,2,ToU-restricts-reuse,4,3,CITED,2026-09-19,https://uppolice.gov.in/article/en/citizen-services?cd=NAA1ADAAMQA%3D
state-police-north-uttarakhand-citizen-portal,Uttarakhand Police — Citizen Portal & e-FIR,Uttarakhand Police,state-police-north,2,Uttarakhand,police-station,fir-record,unknown,2026,daily,days,IPC+SLL,login,2,ToU-restricts-reuse,4,3,CITED,2026-09-19,https://policecitizenportal.uk.gov.in/efir/Login.aspx
specialised-crime-cctns-icjs,Crime and Criminal Tracking Network and Systems (CCTNS) and Interoperable Criminal Justice System (ICJS),"National Crime Records Bureau, MHA",specialised-crime,2,all-India,police-station,fir-record,~2009,2026,realtime,n/a,IPC+SLL,login,1,unknown,5,3,CITED,2026-09-19,https://ncrb.gov.in
ncrb-digital-police-portal,Digital Police Portal (digitalpolice.gov.in),NCRB / Ministry of Home Affairs,ncrb-national,2,all-India (aggregator over state portals),police-station,fir-record,2017-08-21,live,realtime,n/a,IPC+SLL / BNS+SLL,login,1,ToU-restricts-reuse,5,3,CITED,2026-09-19,https://www.digitalpolicecitizenservices.gov.in/centercitizen/login.htm
state-police-south-hyderabad-city-police-fir,Hyderabad City Police eTools — View / Print FIR,Hyderabad City Police (built by Centre for Good Governance),state-police-south,2,"Hyderabad city police commissionerate - 6 zones, 105 police stations",police-station,fir-record,unknown,current,daily,days,BNS+SLL,login,1,unstated,5,3,CITED,2026-09-19,https://hyderabadpolice.cgg.gov.in/
ncrb-microdata-unit-level,NCRB unit-level / FIR-level microdata release,National Crime Records Bureau (NCRB),ncrb-national,1,n/a,police-station,fir-record,n/a,n/a,irregular,n/a,IPC+SLL / BNS+SLL,blocked,0,unknown,5,3,CITED,2026-09-19,
state-police-east-ne-ne-thin-states-rti-route,RTI route for the states with no usable published crime data,"State Crime Records Bureaux (Manipur, Arunachal Pradesh, Nagaland, West Bengal)",state-police-east-ne,2,"Manipur, Arunachal Pradesh, Nagaland, West Bengal",police-station,aggregate-count,n/a,n/a,one-off,"30 days statutory, 60-120 days realistic",IPC+SLL,rti-only,1,unknown,5,3,UNVERIFIED,2026-09-19,
ncrb-rti-channel,RTI route to NCRB tabulations not published in Crime in India,NCRB CPIO / State Crime Records Bureaux,ncrb-national,1,all-India or per state,police-station,aggregate-count,2005 (RTI Act),on request,irregular,30 days statutory,IPC+SLL / BNS+SLL,rti-only,2,unstated,5,3,UNVERIFIED,2026-09-19,
state-police-east-ne-odisha-police-portal,Odisha Police official portal,"Odisha Police, Home Department, Government of Odisha",state-police-east-ne,2,Odisha,police-district,narrative-document,unknown,2026,irregular,n/a,n/a,open-download,2,unstated,2,3,CITED,2026-09-19,https://police.odisha.gov.in/
mh-pune-rural-crime-stats,Pune Rural Police — Crime Statistics / Crime Review,Pune Rural Police (SP Pune Rural),state-police-west,2,Pune rural police district,police-district,aggregate-count,unknown,unknown,monthly,1-3 months,IPC+SLL,open-download,2,unstated,3,3,CITED,2026-09-19,https://puneruralpolice.gov.in/crime-statistics
open-data-portals-opencity-bengaluru-crime-2023,OpenCity — Bengaluru Crime Data 2023 (Bengaluru City Police),"Civic Insights Foundation (OpenCity), mirroring Bengaluru City Police",open-data-portals,4,Bengaluru city police jurisdiction,city,aggregate-count,2021,2023,annual,1 year,custom,open-download,4,unstated,1,3,CITED,2026-09-19,https://data.opencity.in/dataset/bengaluru-crime-data-2023
state-police-south-opencity-greater-chennai-police,"OpenCity — Greater Chennai Police organisation datasets (road accidents, city crime)",OpenCity (mirroring Greater Chennai Police),state-police-south,4,"Chennai (Greater Chennai Police, 132 stations, 4 sub-divisions)",city,aggregate-count,2019,2023,annual,12+ months,custom,open-download,4,'Other (Public Domain)' on the mirror,1,3,CITED,2026-09-19,https://data.opencity.in/dataset?organization=greater-chennai-police
media-crowdsourced-kaggle-synthetic-crime-india,"'Crime Dataset India 2020-2024' (~40k rows) circulating on Kaggle - suspected synthetic, contamination hazard",Unknown Kaggle uploader,media-crowdsourced,5,Claims Indian cities,city,fir-record,2020,2024,one-off,n/a,custom,open-download,4,unknown,1,3,UNVERIFIED,2026-09-19,
road-safety-emergency-btp-road-safety-report,Bengaluru Traffic Police Road Safety Report (annual),Bengaluru Traffic Police,road-safety-emergency,2,Bengaluru Metropolitan Region,city,aggregate-count,2022,2023,annual,6-12 months,n/a,open-download,1,unstated (mirror of a police publication),2,3,CITED,2026-09-19,https://data.opencity.in/dataset/81336158-a834-4e79-a866-8196ea8b75d3/resource/2261ce08-a0cb-46e1-a1a1-1025ae1f0b72/download/6c425f17-b19b-402f-a638-6b9cae856025.pdf
mh-datagov-crimes-pune,Crimes in Pune — OGD Platform India catalogue,data.gov.in (NDSAP) / Pune City Police,state-police-west,1,Pune city,city,aggregate-count,unknown,unknown,irregular,unknown,IPC,open-download,4,GODL-India,2,3,CITED,2026-09-19,https://www.data.gov.in/catalog/crimes-pune
open-data-portals-dataful,Dataful (formerly Factly's datasets) — NCRB collections,Factly Media & Research (Dataful),open-data-portals,5,all-India,city,aggregate-count,2001,2023,annual,12-21 months,NCRB-heads,login,4,unstated,2,3,CITED,2026-09-19,https://dataful.in/datasets/22522/
mh-opencity-mumbai-crime,Mumbai Crime Data 2023 — OpenCity Urban Data Portal,OpenCity (Oasis Designs / civic data collective),state-police-west,4,Mumbai,city,aggregate-count,2023,2023,one-off,unknown,IPC,open-download,4,unknown,2,3,CITED,2026-09-19,https://data.opencity.in/dataset/mumbai-crime-data-2023
civil-society-academic-opencity,Open City - Urban Data Portal (data.opencity.in),Oorvani Foundation / Open City,civil-society-academic,4,Bengaluru-centric with all-India holdings,city,aggregate-count,unknown,current,irregular,varies,varies,open-download,3,unknown (varies by dataset; most are republished GoI data),2,3,CITED,2026-09-19,https://data.opencity.in/
mh-mumbai-police-crime-review,Mumbai Police — Crime Review / Crime Statistics,"Mumbai Police (Commissioner of Police, Greater Mumbai)",state-police-west,2,Greater Mumbai police commissionerate,city,aggregate-count,unknown,unknown,monthly,1-3 months,IPC+SLL,open-download,2,unstated,3,3,CITED,2026-09-19,https://mumbaipolice.gov.in/CrimeStatistics
mh-pune-city-crime-stats,Pune City Police — Crime Statistics / Crime Review,Pune City Police Commissionerate,state-police-west,2,Pune city police commissionerate,city,aggregate-count,unknown,unknown,monthly,1-3 months,IPC+SLL,open-download,2,unstated,3,3,CITED,2026-09-19,https://admin.punepolice.gov.in/CrimeStatistics
ncrb-adsi,Accidental Deaths & Suicides in India (ADSI),National Crime Records Bureau (NCRB),ncrb-national,1,all-India,city,aggregate-count,1967 (believed),2024 (released ~6-7 May 2026),annual,~16 months for the 2024 edition,"custom (accidental-death and suicide cause taxonomy, not IPC/BNS)",open-download,2,unstated,4,3,CITED,2026-09-19,https://www.ncrb.gov.in/uploads/files/1ADSIPublication-2023.pdf
mha-parliament-women-safety-safe-city,"Safe City Projects (Nirbhaya Fund, Phase I - 8 cities)","Women Safety Division, Ministry of Home Affairs",mha-parliament,3,"Delhi, Mumbai, Chennai, Kolkata, Hyderabad, Ahmedabad, Lucknow, Bengaluru",city,narrative-document,2018,2024 (tenure extended from 2021),irregular,unknown,n/a,open-download,1,GODL-India,4,3,CITED,2026-09-19,https://www.mha.gov.in/sites/default/files/pressreleasesafecityprojectinLucknow_01112018.pdf
civil-society-academic-pratapvardhan-nfhs5,pratapvardhan/NFHS-5 - machine-readable parse of NFHS-5 fact sheets,"Pratap Vardhan (independent), published via Harvard Dataverse",civil-society-academic,4,341 districts across 21 states/UTs (NFHS-5 Phase 1); 36 states/UTs at state level,district,aggregate-count,2019,2021,one-off,n/a,n/a,open-download,5,CC-BY-4.0,1,3,VERIFIED_LIVE,2026-09-19,https://raw.githubusercontent.com/pratapvardhan/NFHS-5/master/NFHS-5-Districts.csv
geo-datameet-maps,DataMeet maps — Indian administrative and electoral boundaries,DataMeet India community,geospatial-boundaries,4,all-India,district,boundary-polygon,2001,2022-05-11,irregular,n/a,n/a,open-download,4,CC-BY-4.0,1,3,VERIFIED_LANDING,2026-09-19,https://github.com/datameet/maps
state-police-south-telangana-open-data-portal,Telangana Open Data Portal (data.telangana.gov.in) — DKAN v2 API,Government of Telangana (Open Data Policy),state-police-south,1,Telangana,district,aggregate-count,2015,current,irregular,varies by department,n/a,open-download,5,GODL-India,1,3,CITED,2026-09-19,https://data.telangana.gov.in/api/1/search?fulltext=police
civil-society-academic-justicehub,"Justice Hub judicial datasets (POCSO, child labour, contract enforcement)",CivicDataLab (with partners incl. NIPFP),civil-society-academic,4,"Assam, Delhi, Haryana (POCSO); Assam, Bihar, Jharkhand, Maharashtra, Tamil Nadu, UP (child labour); ~29 states (contract enforcement)",district,case-record,2015,2023,irregular,varies,"custom (act-specific: POCSO, CALPRA, etc.)",open-download,4,unknown (open data platform; confirm per dataset),2,3,VERIFIED_LIVE,2026-09-19,https://justicehub.in/dataset/data4justice-unpacking-judicial-data-to-track-implementation-of-the-pocso-act-in-assam-delhi-haryana
judiciary-prisons-justicehub-datasets,Justice Hub — curated eCourts-derived research datasets,Justice Hub (CivicDataLab and partners),judiciary-prisons,4,varies by dataset: Assam/Delhi/Haryana; Assam/Bihar/Jharkhand/Maharashtra/TN/UP; multi-state court complexes,district,case-record,2015,2023,irregular,varies,IPC+SLL,open-download,3,unknown,2,3,CITED,2026-09-19,https://justicehub.in/dataset/data4justice-unpacking-judicial-data-to-track-implementation-of-the-pocso-act-in-assam-delhi-haryana
ncrb-opencity-mirror,NCRB reports mirrored on OpenCity (data.opencity.in CKAN),OpenCity / Janaagraha (CKAN instance),ncrb-national,4,all-India,district,aggregate-count,unknown,2024,annual,follows NCRB,IPC+SLL / BNS,open-download,2,unstated,2,3,CITED,2026-09-19,https://data.opencity.in/dataset/accidental-deaths-and-suicides-in-india-2024
road-safety-emergency-ksp-road-accidents-karnataka,Road Accidents in Karnataka (annual),Karnataka State Police,road-safety-emergency,2,Karnataka,district,aggregate-count,2020,2023,annual,6-12 months,n/a,open-download,1,unstated,2,3,CITED,2026-09-19,https://data.opencity.in/dataset/road-accidents-in-karnataka
civil-society-academic-nfhs6,National Family Health Survey 6 (NFHS-6),IIPS / MoHFW,civil-society-academic,1,all-India,district,survey-respondent,2023,unknown,irregular,unknown,n/a,open-download,3,unstated,2,3,UNVERIFIED,2026-09-19,https://rchiips.org/nfhs/
judiciary-prisons-ddl-paper-justice-replication,DDL replication package — In-group Bias in the Indian Judiciary (5M criminal cases),"Development Data Lab / Ash, Asher, Bhowmick, Chen, Devi, Goessmann, Novosad, Siddiqi",judiciary-prisons,4,all-India district and subordinate courts,district,case-record,2010,2018,one-off,7+ years,IPC+SLL,open-download,4,unknown,3,3,VERIFIED_LIVE,2026-09-19,https://dataverse.harvard.edu/dataset.xhtml?persistentId=doi:10.7910/DVN/GHLGSW
judiciary-prisons-daksh-database,DAKSH — Deciphering Judicial Data / DAKSH database,DAKSH (Bengaluru),judiciary-prisons,4,all-India district courts (selected),district,case-record,unknown,unknown,irregular,unknown,IPC+SLL,on-request,3,unknown,3,3,CITED,2026-09-19,https://www.dakshindia.org/deciphering-judicial-data-daksha-database/
state-police-east-ne-jharkhand-crime-statement,Jharkhand Police Crime Statement,"Department of Police, Government of Jharkhand",state-police-east-ne,2,Jharkhand,district,aggregate-count,unknown,unknown,irregular,unknown,IPC+SLL,open-download,1,unstated,3,3,CITED,2026-09-19,https://www.jhpolice.gov.in/crime-statement
state-police-north-jk-kashmir-police-portal,Kashmir Police (Kashmir Zone) — zonal portal,"Jammu & Kashmir Police, Kashmir Zone",state-police-north,2,"Kashmir division, J&K",district,aggregate-count,unknown,unknown,irregular,unknown,IPC+SLL,scrape,1,unstated,3,3,CITED,2026-09-19,https://kashmirpolice.jk.gov.in/
state-police-east-ne-mizoram-district-sp-crime-statistics,Mizoram district SP office crime-statistics pages (sp<district>.mizoram.gov.in),"District Superintendents of Police, Mizoram Police",state-police-east-ne,2,"Mizoram, per district (Lunglei confirmed; others extrapolated)",district,aggregate-count,unknown,unknown,irregular,unknown,IPC+SLL,open-download,2,unstated,3,3,CITED,2026-09-19,https://splunglei.mizoram.gov.in/page/crime-statistics
state-police-east-ne-nagaland-district-fir-reports,Nagaland Police district-wise FIR reports,Nagaland Police Headquarters,state-police-east-ne,2,"Nagaland - Dimapur, Kiphire, Kohima, Longleng, Mokokchung, Mon, Peren, Wokha (8 districts confirmed)",district,fir-record,unknown,unknown,irregular,unknown,IPC+SLL,open-download,1,unstated,3,3,CITED,2026-09-19,https://police.nagaland.gov.in/cyber-crime-fir/
judiciary-prisons-njdg-district-subordinate,National Judicial Data Grid — District & Subordinate Courts,"Department of Justice, Ministry of Law & Justice / NIC / eCommittee SCI",judiciary-prisons,3,"all-India, 18,735 District & Subordinate and High Courts",district,aggregate-count,2015-09-19,current,daily,near-zero,custom,scrape,2,unstated,3,3,CITED,2026-09-19,https://njdg.ecourts.gov.in/njdgnew/index.php
road-safety-emergency-parivahan-vahan-sarathi,Parivahan VAHAN (vehicle registration) and Sarathi (driving licence),MoRTH / National Informatics Centre,road-safety-emergency,1,all-India,district,aggregate-count,~2010 (digitised),current,daily,days,n/a,scrape,2,unstated,3,3,UNVERIFIED,2026-09-19,https://parivahan.gov.in/
judiciary-prisons-ecourts-high-court-services,"eCourts Services — High Courts (hcservices, CIS National Core v1.0)","eCommittee, Supreme Court of India / NIC",judiciary-prisons,3,all 25 High Courts and their benches,district,case-record,~2010,current,realtime,days,IPC+SLL,captcha,2,unstated,4,3,VERIFIED_LIVE,2026-09-19,https://hcservices.ecourts.gov.in/ecourtindiaHC/cases/fir1.php?state_cd=11&dist_cd=1&court_code=1&stateNm=Odisha/
mp-scrb-crime-in-mp,"Crime in Madhya Pradesh — SCRB, MP Police","State Crime Records Bureau, Madhya Pradesh Police, Bhopal",state-police-west,1,Madhya Pradesh,district,aggregate-count,unknown,unknown,annual,12-24 months,IPC+SLL,open-download,1,unstated,4,3,CITED,2026-09-19,https://scrb.mppolice.gov.in/crime_in_mp.php
mh-crime-in-maharashtra-cid,Crime in Maharashtra (annual) — CID Maharashtra,"Criminal Investigation Department, Maharashtra State (Statistical Branch), Pune",state-police-west,1,Maharashtra,district,aggregate-count,unknown (2017 edition confirmed),unknown — 2017 is the only edition positively identified,annual,12-24 months,IPC+SLL,open-download,1,unstated,4,3,CITED,2026-09-19,https://www.mahapolice.gov.in/uploads/other_flash/486.pdf
specialised-crime-i4c,Indian Cyber Crime Coordination Centre (I4C) - institutional outputs and Threat Analytics Unit hotspot analyses,Ministry of Home Affairs,specialised-crime,2,all-India,district,narrative-document,2018,2026,irregular,varies,custom,blocked,1,unknown,4,3,CITED,2026-09-19,https://i4c.mha.gov.in/ncrp.aspx
road-safety-emergency-railways-untoward-incidents,Indian Railways untoward incidents and trespassing deaths,Ministry of Railways / Railway Protection Force,road-safety-emergency,2,"all-India, by zonal railway",district,aggregate-count,unknown,2024,annual,6-18 months,custom (untoward incident categories),rti-only,1,unknown,4,3,CITED,2026-09-19,https://www.mygov.in/group-issue/deaths-due-trespassing/
state-police-east-ne-manipur-police-administrative-report,Manipur Police Department Administrative Report (tabled in Legislative Assembly),"Police Department, Government of Manipur, via Manipur Legislative Assembly",state-police-east-ne,3,Manipur,district,aggregate-count,unknown,2025-2026,annual,6-18 months,IPC+SLL,open-download,1,unstated,4,3,CITED,2026-09-19,https://assembly.mn.gov.in/user/pages/files/administrative-reports/Police%20and%20Others.pdf
open-data-portals-ndap,NDAP — National Data & Analytics Platform,NITI Aayog,open-data-portals,1,all-India,district,aggregate-count,varies,varies,irregular,varies,NCRB-heads,api-key,3,unknown,4,3,CITED,2026-09-19,https://ndap.niti.gov.in/dataset/{id}
specialised-crime-pocso-cases,"POCSO case registrations, pendency and Fast Track Special Court monitoring","NCRB (crime head) and Department of Justice, Ministry of Law and Justice (FTSC scheme)",specialised-crime,3,all-India,district,case-record,2012,unknown,annual,12-18 months,IPC+SLL,open-download,1,unknown,4,3,UNVERIFIED,2026-09-19,
rti-ask-erss-calls,RTI ask: ERSS-112 call volumes and geographic capture,State ERSS / State Police,rti-playbook,2,per state filed,district,aggregate-count,ERSS rollout,current,monthly,,custom,rti-only,3,unknown,4,3,UNVERIFIED,2026-09-19,
road-safety-emergency-erss-state-dashboards,State ERSS / Dial 112 dashboards,State police and State Home Departments,road-safety-emergency,2,state-specific,district,aggregate-count,2019,current,daily,near-real-time,custom,scrape,2,unknown,4,3,UNVERIFIED,2026-09-19,https://ld.erss.in/
specialised-crime-ncpcr-portals,"NCPCR complaint and tracking systems - e-Baalnidan, POCSO e-Box, Baalswaraj, SAHARA",National Commission for Protection of Child Rights,specialised-crime,3,all-India,district,case-record,2007,unknown,realtime,n/a public,custom,login,1,unknown,5,3,CITED,2026-09-19,https://ncpcr.gov.in
specialised-crime-ahtu,Anti-Human Trafficking Units (AHTUs) - district-level returns,MHA Anti-Trafficking Cell (CS Division) and state CIDs,specialised-crime,2,all-India,district,case-record,~2007,unknown,annual,unknown,IPC+SLL,rti-only,1,unknown,5,3,UNVERIFIED,2026-09-19,
state-police-north-jk-crime-stats-rti,Jammu & Kashmir crime statistics — NOT PUBLISHED (negative finding),Jammu & Kashmir UT Police,state-police-north,2,Jammu & Kashmir UT,district,aggregate-count,unknown,unknown,irregular,30 days statutory (RTI),IPC+SLL,rti-only,0,unknown,5,3,UNVERIFIED,2026-09-19,
state-police-north-ladakh-crime-stats-rti,Ladakh crime statistics — NOT PUBLISHED (negative finding),Ladakh UT Police,state-police-north,2,Ladakh UT,district,aggregate-count,unknown,unknown,irregular,30 days statutory (RTI),IPC+SLL,rti-only,0,unknown,5,3,UNVERIFIED,2026-09-19,
specialised-crime-osc-sakhi,One Stop Centres (Sakhi) case data / Mission Shakti MIS,Ministry of Women and Child Development (Mission Shakti - Sambal),specialised-crime,3,all-India,district,case-record,2015,unknown,monthly,n/a public,custom,rti-only,1,unknown,5,3,UNVERIFIED,2026-09-19,
state-police-east-ne-wb-scrb-crime-statistics-rti,"West Bengal state crime statistics - NEGATIVE FINDING, RTI route","State Crime Records Bureau, West Bengal Police",state-police-east-ne,2,West Bengal,district,aggregate-count,unknown,unknown,annual,unknown,IPC+SLL,rti-only,0,unknown,5,3,UNVERIFIED,2026-09-19,https://wbpolice.gov.in/
civil-society-academic-nfhs4-factsheets,NFHS-4 Fact Sheets (2015-16) - spousal violence indicators 103/104,IIPS / MoHFW,civil-society-academic,1,"all-India, 36 states/UTs",state,aggregate-count,2015,2016,one-off,~1 year,n/a,open-download,3,unstated (GoI publication),1,3,VERIFIED_LIVE,2026-09-19,https://raw.githubusercontent.com/HindustanTimesLabs/women-empowerment-index/master/data/103.csv
ncrb-dataful-mirror,NCRB collections on Dataful (Factly Data Labs),Factly Media & Research / Dataful,ncrb-national,5,all-India,state,aggregate-count,1950s-1960s for headline series (claimed),2024 for the IPC/BNS crimes series,annual,weeks after NCRB publication,IPC+SLL / BNS,paid,4,ToU-restricts-reuse,1,3,CITED,2026-09-19,https://dataful.in/datasets/21867/
civil-society-academic-india-justice-report,India Justice Report,"India Justice Report consortium (Tata Trusts-initiated; with CHRI, Common Cause, CSDS, DAKSH, TISS-Prayas, Vidhi)",civil-society-academic,4,all states and UTs,state,aggregate-count,2019,"2022 (a 2025 edition is referenced elsewhere, unconfirmed here)",irregular,~12 months,n/a,open-download,2,unstated (a third-party catalogue claims free-for-non-commercial-with-attribution; unverified),2,3,VERIFIED_LIVE,2026-09-19,https://indiajusticereport.org/
state-police-north-aikosh-crime-review,"AIKosh — Crime Review datasets (2024, 2025)",IndiaAI / Ministry of Electronics and IT,state-police-north,3,all-India (unconfirmed),state,aggregate-count,2024,2025,annual,unknown,NCRB-heads,open-download,3,unknown,2,3,CITED,2026-09-19,https://aikosh.indiaai.gov.in/home/datasets/details/crime_review_for_the_year_2025.html
state-police-south-ap-cid-statistics,"Crime Investigation Department, Andhra Pradesh — statistics",AP CID,state-police-south,2,Andhra Pradesh,state,aggregate-count,unknown,unknown,irregular,unknown,IPC+SLL,open-download,2,unstated,2,3,CITED,2026-09-19,https://cid.appolice.gov.in/cid/statistics
mha-parliament-pib-releases,PIB press releases as a statistics channel,"Press Information Bureau, Government of India",mha-parliament,3,all-India,state,narrative-document,~2000,current,daily,same day,custom,scrape,2,GODL-India,2,3,CITED,2026-09-19,https://www.pib.gov.in/PressReleasePage.aspx?PRID=2205201&reg=3&lang=1
specialised-crime-ncw-ogd,State/UT-wise Details of Total Number of Complaints Received in National Commission for Women (NCW) from 2018 to 2023,NCW via NIC Open Government Data (OGD) Platform India,specialised-crime,1,all-India,state,aggregate-count,2018,2023,one-off,~12 months,custom,open-download,4,GODL-India,2,3,CITED,2026-09-19,https://www.data.gov.in/resource/year-wise-number-complaints-received-national-commission-womenncw-related-investigation
civil-society-academic-gbd-interpersonal-violence,"Global Burden of Disease - interpersonal violence, India state level","IHME, with the India State-Level Disease Burden Initiative (ICMR / PHFI / IHME)",civil-society-academic,4,"India, all states",state,aggregate-count,1990,varies,irregular,2-4 years,GBD cause hierarchy,open-download,4,"IHME free-use with attribution, non-commercial",2,3,UNVERIFIED,2026-09-19,https://ghdx.healthdata.org/
road-safety-emergency-ihme-gbd-india,IHME Global Burden of Disease - India road injury estimates,Institute for Health Metrics and Evaluation,road-safety-emergency,4,"India, by state",state,aggregate-count,1990,unknown,irregular,2-4 years,GBD cause hierarchy (road injuries),open-download,5,IHME free-of-charge non-commercial terms,2,3,UNVERIFIED,2026-09-19,https://www.healthdata.org/
mha-parliament-mha-annual-report,Ministry of Home Affairs Annual Report,"Ministry of Home Affairs, Government of India",mha-parliament,3,all-India,state,aggregate-count,2004-05,2024-25,annual,9-15 months (2024-25 AR PDF dated 24-03-2026),custom,open-download,1,GODL-India,3,3,CITED,2026-09-19,https://www.mha.gov.in/sites/default/files/AREnglish_24032026.pdf
state-police-east-ne-mizoram-police-crime-statistics,Mizoram Police - Crime Statistics,"Mizoram Police, Government of Mizoram",state-police-east-ne,2,Mizoram,state,aggregate-count,2009,2024-12,irregular,3-12 months,IPC+SLL,open-download,1,unstated,3,3,CITED,2026-09-19,https://police.mizoram.gov.in/page/crime-statistics
specialised-crime-ncrb-missing,NCRB Crime in India - Missing Persons tables,"National Crime Records Bureau, MHA",specialised-crime,1,all-India,state,aggregate-count,unknown,2021 (figure confirmed),annual,12-18 months,NCRB-heads,open-download,2,GODL-India,3,3,CITED,2026-09-19,https://www.indiastat.com/table/southern-region/crime-and-law/state-wise-number-missing-children-as-per-track-ch/1445283
specialised-crime-ncw-complaint-stats,NCW Statistical Overview of Complaints (nature-wise complaint reports),National Commission for Women,specialised-crime,3,all-India,state,aggregate-count,unknown,2026 (believed live),monthly,~1 month,custom,scrape,2,unstated,3,3,CITED,2026-09-19,https://ncwapps.nic.in/frmComp_stat_Overview.aspx
state-police-east-ne-satp-northeast-insurgency,SATP North East insurgency fatalities and incidents datasheets,South Asia Terrorism Portal / Institute for Conflict Management,state-police-east-ne,4,"Arunachal Pradesh, Assam, Manipur, Meghalaya, Mizoram, Nagaland, Tripura (also Maoist-affected Bihar, Jharkhand, Odisha, West Bengal)",state,incident-point,"1992 (approx, varies by state)",2026 (maintained),weekly,days,custom,scrape,2,ToU-restricts-reuse,3,3,CITED,2026-09-19,https://satp.org/datasheet-terrorist-attack/incidents-data/india-maoistinsurgency
specialised-crime-ncb-seizure-statewise,"State-wise seizure of drugs all over India by all Drug Law Enforcement Agencies (DLEAs), 2024","Narcotics Control Bureau, MHA",specialised-crime,2,all-India,state,aggregate-count,unknown,2024,annual,6-12 months,IPC+SLL,open-download,1,unstated,3,3,CITED,2026-09-19,https://narcoticsindia.nic.in/ImportantSeizure/seizure2024.pdf
specialised-crime-nddtc-substance-use,Magnitude of Substance Use in India (national survey on extent and pattern of substance use),"National Drug Dependence Treatment Centre (NDDTC), AIIMS New Delhi, for the Ministry of Social Justice and Empowerment",specialised-crime,1,all-India,state,survey-respondent,2018,2019,one-off,~12 months,n/a,open-download,1,unknown,3,3,UNVERIFIED,2026-09-19,
specialised-crime-ncrb-trafficking,NCRB Crime in India - Human Trafficking chapter,"National Crime Records Bureau, MHA",specialised-crime,1,all-India,state,victim-record,unknown,unknown,annual,12-18 months,NCRB-heads,open-download,2,GODL-India,3,3,UNVERIFIED,2026-09-19,https://ncrb.gov.in
rti-s24-notifications,State s.24(4) exemption notifications (consolidated list),State General Administration Departments,rti-playbook,1,all 36 states and UTs,state,narrative-document,2005,current,irregular,,n/a,rti-only,1,unknown,3,3,UNVERIFIED,2026-09-19,
ncrb-parliament-answers,NCRB tabulations released through Lok Sabha / Rajya Sabha answers,"Ministry of Home Affairs, answering Parliament; data compiled by NCRB",ncrb-national,3,"all-India, varies per question",state,aggregate-count,ongoing,2026 (March 2026 session answers indexed),irregular,often FRESHER than the published report - MPs get years NCRB has not yet released,IPC+SLL / BNS+SLL,open-download,1,unstated,4,3,CITED,2026-09-19,https://sansad.in/getFile/annex/266/AU1119_bGpZrf.pdf
specialised-crime-ncb-annual-report,Narcotics Control Bureau Annual Report 2024,"Narcotics Control Bureau, MHA",specialised-crime,2,all-India,state,aggregate-count,1986,2024,annual,6-12 months,IPC+SLL,open-download,1,unstated,4,3,CITED,2026-09-19,https://narcoticsindia.nic.in/Publication/ncb-annual-report-2024.pdf
civil-society-academic-spir,Status of Policing in India Report (SPIR),"Common Cause with Lokniti-CSDS (some editions with Tata Trusts, Lal Family Foundation)",civil-society-academic,4,"varies by edition; 2019 covered 20+ states, 2020-21 covered 11 conflict-affected states",state,survey-respondent,2018,2023,irregular,<12 months,n/a,open-download,1,unknown,4,3,CITED,2026-09-19,https://www.commoncause.in
road-safety-emergency-echallan-dashboard,eChallan Dashboard / NextGen eChallan (Parivahan),MoRTH / National Informatics Centre,road-safety-emergency,2,"all-India, state and RTO wise",state,aggregate-count,~2017,current,daily,near-real-time,Motor Vehicles Act 1988 sections,scrape,2,unstated,4,3,CITED,2026-09-19,https://echallan.parivahan.gov.in/echallanreport/
specialised-crime-cfcfrms-1930,Citizen Financial Cyber Fraud Reporting and Management System (CFCFRMS) and National Cyber Crime Helpline 1930,"Indian Cyber Crime Coordination Centre (I4C), MHA",specialised-crime,2,all-India,state,case-record,2021,2025,realtime,n/a,custom,login,1,unknown,5,3,CITED,2026-09-19,
legal-ethics-ndsap-2012,National Data Sharing and Accessibility Policy (NDSAP) 2012,"Department of Science & Technology, Government of India",legal-ethics,3,all-India,national,narrative-document,2012,2012,one-off,n/a,n/a,open-download,1,unstated,1,3,VERIFIED_LIVE,2026-09-19,https://en.wikipedia.org/wiki/National_Data_Sharing_and_Accessibility_Policy
geo-national-geospatial-policy-2022,National Geospatial Policy 2022,Department of Science & Technology / Survey of India,geospatial-boundaries,3,all-India,national,narrative-document,2022,2022,one-off,n/a,n/a,open-download,1,Government of India,1,3,CITED,2026-09-19,https://www.surveyofindia.gov.in/webroot/UserFiles/files/National%20Geospatial%20Policy.pdf
legal-ethics-ebc-v-modak,"Eastern Book Company v D.B. Modak, (2008) 1 SCC 1 - originality standard for compilations",Supreme Court of India,legal-ethics,3,all-India,national,narrative-document,2008,2008,one-off,n/a,n/a,blocked,1,unstated,1,3,UNVERIFIED,2026-09-19,
legal-ethics-puttaswamy-privacy,"K.S. Puttaswamy v Union of India, (2017) 10 SCC 1 - privacy as an Article 21 fundamental right",Supreme Court of India,legal-ethics,3,all-India,national,narrative-document,2017,2017,one-off,n/a,n/a,blocked,1,unstated,1,3,UNVERIFIED,2026-09-19,
legal-ethics-rti-8-1-j-as-amended,RTI Act 2005 s.8(1)(j) as amended by DPDP Act 2023 s.44(3) - personal information exemption,Parliament of India,legal-ethics,3,all-India,national,narrative-document,2005,2023,irregular,n/a,n/a,blocked,2,unstated,1,3,UNVERIFIED,2026-09-19,
media-crowdsourced-gdelt-doc-api,"GDELT DOC 2.0 API (full-text news article search, incl. Indian-language coverage)",The GDELT Project,media-crowdsourced,5,Global; GDELT translates 65+ languages including major Indian languages,national,narrative-document,2017,rolling (recent window only),realtime,~15 minutes,n/a,open-download,4,unstated,2,3,UNVERIFIED,2026-09-19,https://api.gdeltproject.org/api/v2/doc/doc
civil-society-academic-who-ghe-homicide,WHO Global Health Estimates - interpersonal violence mortality (India),World Health Organization,civil-society-academic,3,India (national),national,aggregate-count,2000,varies,irregular,2-4 years,ICD,open-download,4,CC BY-NC-SA (WHO terms),2,3,UNVERIFIED,2026-09-19,https://www.who.int/data/global-health-estimates
open-data-portals-wayback,Internet Archive Wayback Machine — recovery route for deleted portal files,Internet Archive,open-data-portals,5,global,national,narrative-document,1996,ongoing,irregular,n/a,n/a,blocked,2,n/a,3,3,UNVERIFIED,2026-09-19,http://archive.org/wayback/available
geo-here,HERE Location Services,HERE Global B.V.,geospatial-boundaries,5,all-India,address,point,n/a,current,realtime,n/a,n/a,api-key,5,ToU-restricts-reuse,2,2,UNVERIFIED,2026-09-19,https://www.here.com
geo-mapbox,Mapbox (geocoding and vector tiles),Mapbox Inc.,geospatial-boundaries,5,all-India,address,point,n/a,current,realtime,n/a,n/a,api-key,5,ToU-restricts-reuse,2,2,UNVERIFIED,2026-09-19,https://www.mapbox.com
judiciary-prisons-eprisons-npip,e-Prisons / National Prison Information Portal (NPIP),National Informatics Centre / Ministry of Home Affairs,judiciary-prisons,3,participating states and UTs (not universal),point,aggregate-count,unknown,current,realtime,near-zero,n/a,scrape,2,unstated,3,2,CITED,2026-09-19,https://eprisons.nic.in/NPIPDashboard/
judiciary-prisons-state-prison-departments,State Prison / Correctional Services Department websites,State Home / Prisons Departments (36 states and UTs),judiciary-prisons,2,per state,point,aggregate-count,varies,varies,irregular,"varies, often years",n/a,scrape,1,unstated,4,2,UNVERIFIED,2026-09-19,
media-crowdsourced-himmat-delhi-police,Himmat / Himmat Plus (Delhi Police women's safety app),Delhi Police,media-crowdsourced,2,Delhi Police jurisdiction (NCT of Delhi),point,incident-point,2015-01-01,unknown,realtime,"n/a (operational, not published)",n/a,blocked,0,unknown,5,2,VERIFIED_LANDING,2026-09-19,https://en.wikipedia.org/wiki/Himmat_(app)
state-police-south-btp-astram,BTP ASTraM — Bengaluru Traffic Police traffic/incident platform (and retired Public Eye),Bengaluru Traffic Police,state-police-south,2,Bengaluru city,point,incident-point,~2023,current,realtime,minutes,"custom (traffic violations, incidents)",blocked,0,unknown,5,2,CITED,2026-09-19,https://play.google.com/store/apps/details?id=com.BTPASTraM
media-crowdsourced-erss-112-india,112 India / Emergency Response Support System (ERSS) emergency call records,"Ministry of Home Affairs, Government of India; operated per-state by State Police",media-crowdsourced,2,All-India (state-operated ERSS centres),point,incident-point,2018 (phased state rollout),ongoing,realtime,n/a (not published),custom,rti-only,0,unknown,5,2,UNVERIFIED,2026-09-19,
road-safety-emergency-nhai-rajmargyatra,NHAI Rajmargyatra citizen app (National Highways),National Highways Authority of India,road-safety-emergency,2,"National Highways, all-India",point,incident-point,2023,current,realtime,n/a,custom (complaint categories),on-request,0,unknown,5,2,UNVERIFIED,2026-09-19,https://nhai.gov.in/
media-crowdsourced-routify-prior-art,Routify - NCRB + OpenStreetMap pedestrian safety-score routing (prior art),Independent open-source project (neelavradutta),media-crowdsourced,5,India,grid,aggregate-count,2026-08-22,2026-09-02,one-off,n/a,NCRB-heads,open-download,3,unknown,2,2,VERIFIED_LANDING,2026-09-19,https://github.com/neelavradutta/Routify
media-crowdsourced-vaastu-tax-portal-scrape,vaastu_tax research scrape of 99acres / MagicBricks / Housing.com listings (incl. locality ratings),"Gaurav Sood (soodoku), academic research dataset",media-crowdsourced,4,Indian cities (exact city list unconfirmed),ward,aggregate-count,unknown,unknown,one-off,n/a,n/a,open-download,4,unknown,2,2,VERIFIED_LIVE,2026-09-19,https://github.com/soodoku/vaastu_tax
geo-datta07-indian-shapefiles,datta07/INDIAN-SHAPEFILES,datta07 (community),geospatial-boundaries,4,all-India,ward,boundary-polygon,2019,unknown,irregular,unknown,n/a,open-download,4,MIT,2,2,VERIFIED_LANDING,2026-09-19,https://github.com/datta07/INDIAN-SHAPEFILES
media-crowdsourced-portal-locality-ratings,MagicBricks / Housing.com / NoBroker locality ratings and neighbourhood pages,"MagicBricks (Times Internet), Housing.com (Elara/REA India), NoBroker",media-crowdsourced,5,Indian cities and localities,ward,survey-respondent,unknown,ongoing,irregular,n/a,n/a,scrape,1,ToU-restricts-reuse,3,2,CITED,2026-09-19,https://www.magicbricks.com/
mh-citizen-accused-arrest,Maharashtra Citizen Portal — Search Accused / Information of Arrested Accused,Maharashtra Police (CCTNS),state-police-west,2,Maharashtra,police-station,case-record,unknown,unknown,daily,days,BNS,scrape,2,unstated,3,2,CITED,2026-09-19,https://citizen.mahapolice.gov.in/Citizen/MH/SearcgAccusedArrest.aspx
state-police-north-jk-police-eservices,"J&K Police eServices — Citizen Portal (eFIR, verification)",Jammu & Kashmir Police,state-police-north,2,Jammu & Kashmir (UT),police-station,fir-record,unknown,2026,daily,days,IPC+SLL,login,2,ToU-restricts-reuse,4,2,CITED,2026-09-19,https://www.jkpoliceeservices.gov.in/login.aspx
state-police-east-ne-manipur-police-portal,Manipur Police official website (district and police-station pages),"Manipur Police, Government of Manipur",state-police-east-ne,2,Manipur,police-station,narrative-document,n/a,2026,irregular,n/a,n/a,scrape,2,unstated,4,2,CITED,2026-09-19,https://manipurpolice.gov.in/
state-police-east-ne-assam-fir-download,Assam Police Citizen Portal - FIR Download,Assam Police / NCRB CCTNS,state-police-east-ne,2,Assam,police-station,fir-record,unknown,2026,daily,unknown,IPC+SLL,captcha,2,ToU-restricts-reuse,5,2,CITED,2026-09-19,https://www.assampolice.assam.gov.in/Citizen/Login.aspx
state-police-east-ne-cctns-digital-police-portal,CCTNS / Digital Police Portal (national citizen-services hub),"National Crime Records Bureau, Ministry of Home Affairs",state-police-east-ne,1,all-India (34 states/UTs with launched citizen portals),police-station,case-record,2017-08-21,2026,realtime,n/a,IPC+SLL,login,2,ToU-restricts-reuse,5,2,CITED,2026-09-19,https://www.digitalpolicecitizenservices.gov.in/centercitizen/login.htm
cg-citizen-portal-viewfir,Chhattisgarh CCTNS Citizen Portal — View FIR,Chhattisgarh Police (CCTNS),state-police-west,2,Chhattisgarh,police-station,fir-record,unknown,unknown,daily,days,BNS,login,1,unstated,5,2,CITED,2026-09-19,https://dashboard.cgpolice.gov.in/CCTNS_Citizen_Portal/Citizen_Login.jsp
gj-citizen-portal-getfir,Gujarat Police Citizen Portal (e-GujCop) — Get a copy of FIR,"Home Department, Government of Gujarat",state-police-west,2,Gujarat,police-station,fir-record,unknown,unknown,daily,days,BNS,captcha,1,unstated,5,2,CITED,2026-09-19,https://fir.gujarat.gov.in/
ncrb-icjs,Inter-operable Criminal Justice System (ICJS / ICJS 2.0),NCRB (nodal agency) with NIC; Ministry of Home Affairs,ncrb-national,2,all-India,police-station,case-record,2018 (ICJS phase 1); ICJS 2.0 approved 2022 for 2022-2026,live,realtime,n/a,IPC+SLL / BNS+SLL,blocked,0,ToU-restricts-reuse,5,2,CITED,2026-09-19,https://www.mha.gov.in/en/commoncontent/inter-operable-criminal-justice-system-icjs
state-police-east-ne-jharkhand-citizen-portal,Jharkhand Police Citizen Portal (CCTNS),Jharkhand Police / NCRB CCTNS,state-police-east-ne,2,Jharkhand,police-station,case-record,unknown,2026,realtime,n/a,IPC+SLL,login,2,ToU-restricts-reuse,5,2,CITED,2026-09-19,https://citizen.jhpolice.gov.in/citizen/login.htm
mp-citizen-portal-fir,MP Police Citizen Portal — View FIR (CitizenService 13),Madhya Pradesh Police (CCTNS),state-police-west,2,Madhya Pradesh,police-station,fir-record,unknown,unknown,daily,days,BNS,login,1,unstated,5,2,CITED,2026-09-19,https://citizen.mppolice.gov.in/CitizenLogin.aspx?CtznService=13
state-police-east-ne-odisha-citizen-portal-fir-copy,Odisha Police Citizen Portal - FIR Copy download,Odisha Police / SCRB Odisha (CCTNS),state-police-east-ne,2,Odisha,police-station,fir-record,unknown,2026,daily,unknown,IPC+SLL,captcha,2,ToU-restricts-reuse,5,2,CITED,2026-09-19,https://citizenportal-op.gov.in/citizen/FIR_Copy.aspx
state-police-south-ksp-policeseva-citizen-portal,"Police Seva — KSP Citizen Centric Portal (e-FIR, complaints)",Karnataka State Police,state-police-south,2,Karnataka,police-station,case-record,unknown,current,realtime,n/a,IPC+SLL / BNS+SLL,login,1,ToU-restricts-reuse,5,2,CITED,2026-09-19,https://policeseva.ksp.gov.in/Login.aspx
state-police-north-punjab-saanjh,SAANJH — Punjab Police Online Citizen Services,"Punjab Police (Punjab, India)",state-police-north,2,Punjab,police-station,fir-record,unknown,2026,daily,days,IPC+SLL,login,1,ToU-restricts-reuse,5,2,CITED,2026-09-19,http://citizen.ppsaanjh.in:7070/PPSANJH/Forms/public_download_links.jsp
zipnet-delhi-police,ZIPNET - Zonal Integrated Police Network,"Delhi Police (multi-state consortium), NOT NCRB",ncrb-national,2,"Delhi, Haryana, Uttar Pradesh, Rajasthan, Punjab, Chandigarh, Uttarakhand, Himachal Pradesh",police-district,victim-record,2004,"live (7,880+ Delhi missing untraced 1 Jan - 23 Jul 2025; 1,486 unidentified bodies in the same window)",daily,days,n/a,scrape,2,unstated,2,2,CITED,2026-09-19,https://zipnet.delhipolice.gov.in/victims/missingpersons/
state-police-east-ne-wb-police-portal,West Bengal Police official portal,"West Bengal Police, Home and Hill Affairs Department",state-police-east-ne,2,West Bengal excluding Kolkata Police jurisdiction,police-district,narrative-document,2019,2022,irregular,n/a,n/a,open-download,1,unstated,3,2,CITED,2026-09-19,https://wbpolice.gov.in/
state-police-south-ksp-criminal-intelligence-gazette,Criminal Intelligence Gazette (KSP),Karnataka State Police,state-police-south,2,Karnataka,police-district,narrative-document,unknown,unknown,irregular,unknown,IPC+SLL,open-download,0,unstated,4,2,CITED,2026-09-19,https://ksp.karnataka.gov.in/new-page/Criminal%20Intelligence%20Gazette/en
state-police-north-delhi-police-press-archive,Delhi Police — Press Archive,Delhi Police,state-police-north,2,NCT of Delhi,police-district,narrative-document,unknown,2026,irregular,days,custom,scrape,1,unstated,4,2,CITED,2026-09-19,https://delhipolice.gov.in/pressarchive
mh-district-police-cms-pattern,"Maharashtra district police websites (Palghar, Chandrapur, et al.) — per-district crime pages",Individual Maharashtra district police units,state-police-west,2,"Maharashtra, per district",police-district,aggregate-count,unknown,unknown,irregular,unknown,IPC+SLL,open-download,2,unstated,4,2,CITED,2026-09-19,https://chandrapurpolice.gov.in/
state-police-south-kerala-legacy-arrested-persons-pdfs,Kerala Police legacy daily 'arrested persons' district PDFs,Kerala Police (legacy newsite),state-police-south,2,"Kerala, per police district (tvmcity, tvmrl, klmcity, idk, ekmcity, ekmrl ... district codes)",police-district,case-record,~2014,unknown (path scheme predates the current site),daily,1 day,IPC+SLL,blocked,1,unstated,5,2,CITED,2026-09-19,http://www.keralapolice.gov.in/newsite/pdfs/arrested_persons_2014/august/4/arrested_persons_tvmcity.pdf
civil-society-academic-pdap-vera-precedent,"Police Data Accessibility Project and Vera Police Data Transparency Index (methodological precedent, USA)",Police Data Accessibility Project; Vera Institute of Justice,civil-society-academic,4,USA (out of geographic scope - precedent only),city,narrative-document,~2020,current,irregular,n/a,n/a,open-download,4,open (confirm per resource),1,2,VERIFIED_LIVE,2026-09-19,https://data-sources.pdap.io/
media-crowdsourced-gdelt-events,GDELT 2.0 Event Database,The GDELT Project (Kalev Leetaru),media-crowdsourced,5,Global including India,city,incident-point,1979,ongoing (daily; 15-minute updates in 2.0),daily,hours,custom,open-download,4,unstated,2,2,CITED,2026-09-19,https://www.gdeltproject.org/
open-data-portals-smartcities,Smart Cities Mission Data Portal,"Ministry of Housing & Urban Affairs, Smart Cities Mission",open-data-portals,2,100 smart cities (95 publishing),city,aggregate-count,2014,2019,irregular,1-4 years,custom,api-key,4,GODL-India,2,2,CITED,2026-09-19,https://api.data.gov.in/resource/{resource_id}
media-crowdsourced-event-registry,Event Registry (commercial news event-clustering API),Event Registry (Slovenia),media-crowdsourced,5,Global including India,city,narrative-document,2014 (approx),ongoing,realtime,minutes,n/a,paid,5,ToU-restricts-reuse,3,2,CITED,2026-09-19,https://eventregistry.org/
specialised-crime-varshney-wilkinson,Varshney-Wilkinson dataset on Hindu-Muslim violence in India,Ashutosh Varshney and Steven Wilkinson (academic),specialised-crime,4,India,city,incident-point,1950,1995,one-off,30 years stale,custom,on-request,3,unknown,3,2,UNVERIFIED,2026-09-19,
state-police-south-telangana-police-stations-dataset,Police Stations — Telangana Open Data Portal dataset,Government of Telangana / Home Department,state-police-south,1,"Telangana, 33 districts (709 police stations statewide)",district,aggregate-count,unknown,unknown,irregular,unknown,n/a,open-download,5,GODL-India,1,2,CITED,2026-09-19,https://data.telangana.gov.in/dataset/police-stations
civil-society-academic-nfhs-census-coded-parse,SaiSiddhardhaKalla/NFHS - NFHS district parse with Census 2011 codes,independent (GitHub),civil-society-academic,4,all-India districts (extent disputed),district,aggregate-count,2015-16,2019-21,one-off,n/a,n/a,open-download,5,unknown,1,2,CITED,2026-09-19,https://raw.githubusercontent.com/SaiSiddhardhaKalla/NFHS/main/India.csv
state-police-east-ne-bihar-police-portal,"Bihar Police official portal (online FIR, missing persons, ERSS-112)","Bihar Police, Home Department, Government of Bihar",state-police-east-ne,2,Bihar,district,narrative-document,unknown,2026,irregular,n/a,n/a,open-download,2,unstated,2,2,CITED,2026-09-19,https://police.bihar.gov.in/
state-police-east-ne-indiastat-crime-law,Indiastat - state crime and law statistics (commercial aggregator),Datanet India Pvt Ltd,state-police-east-ne,5,"all 12 states in scope, district cuts available",district,aggregate-count,unknown (long back-series),unknown,annual,12-24 months,NCRB-heads,paid,3,ToU-restricts-reuse,2,2,CITED,2026-09-19,https://www.indiastatdistrictenviron.com/mizoram/all-districts/crimeandlaw/ipccrimes
civil-society-academic-nfhs5-district-factsheets,NFHS-5 District Fact Sheets (2019-21),International Institute for Population Sciences (IIPS) / Ministry of Health & Family Welfare,civil-society-academic,1,all-India,district,aggregate-count,2019,2021,irregular,1-3 years,n/a,open-download,3,unstated (GoI publication; data.gov.in copy carries GODL-India),2,2,CITED,2026-09-19,https://rchiips.org/nfhs/districtfactsheet_NFHS-5.shtml
ncrb-arcgis-district-layers,Third-party NCRB district crime layers on ArcGIS Online,Esri India / community publishers,ncrb-national,5,all-India,district,boundary-polygon,unknown,unknown,one-off,unknown,IPC,open-download,4,unknown,2,2,CITED,2026-09-19,https://www.arcgis.com/home/item.html?id=15807229ed3342939bfabd8c9606f25e
civil-society-academic-daksh,DAKSH judicial database,DAKSH India,civil-society-academic,4,all-India (High Courts and district courts),district,case-record,unknown,unknown,irregular,unknown,acts and sections,scrape,3,unknown,3,2,CITED,2026-09-19,https://database.dakshindia.org/
open-data-portals-telangana,Telangana Open Data Portal,Government of Telangana,open-data-portals,2,Telangana,district,aggregate-count,unknown,unknown,irregular,unknown,n/a,open-download,3,unknown,3,2,CITED,2026-09-19,https://data.telangana.gov.in/
civil-society-academic-indiaspend,IndiaSpend - data journalism and incident trackers,IndiaSpend (Spending & Policy Research Foundation),civil-society-academic,5,all-India,district,incident-point,~2010s,unknown,irregular,days to weeks,custom,scrape,2,unknown,3,2,UNVERIFIED,2026-09-19,https://www.indiaspend.com/
state-police-east-ne-arunachal-crime-records,Arunachal Pradesh Police - Crime Records,"Arunachal Pradesh Police, Government of Arunachal Pradesh",state-police-east-ne,2,Arunachal Pradesh,district,aggregate-count,unknown,unknown,irregular,unknown,IPC+SLL,open-download,1,unstated,4,2,CITED,2026-09-19,https://arunpol.nic.in/crime_records.html
specialised-crime-childline-1098,CHILDLINE 1098 call and intervention data,Childline India Foundation (NGO-origin; under MHA administrative control since 2021),specialised-crime,4,"all-India (602+ districts, 144+ railway stations, 11 bus terminals)",district,case-record,1996,unknown,monthly,n/a public,custom,on-request,1,unknown,4,2,CITED,2026-09-19,https://www.childlineindia.org/
judiciary-prisons-nalsa-victim-compensation,NALSA / SLSA victim compensation schemes and awards,National Legal Services Authority and State Legal Services Authorities,judiciary-prisons,3,"all states and UTs, administered by DLSAs",district,victim-record,2009,current,annual,1-2 years,custom,rti-only,1,unstated,4,2,CITED,2026-09-19,https://scourtapp.nic.in/lsams/nologin/victimcompensation.action?requestLocale=en
judiciary-prisons-njdg-open-api,NJDG Open API (NDSAP) — government/institutional access only,"Department of Justice, Ministry of Law & Justice",judiciary-prisons,3,all-India,district,aggregate-count,unknown,current,daily,near-zero,custom,on-request,4,unstated,4,2,CITED,2026-09-19,https://njdg.ecourts.gov.in/njdgnew/index.php
civil-society-academic-data-journalism-outlets,"Article-14, Scroll.in and The Hindu data team - criminal justice datasets",Article-14; Scroll.in; The Hindu,civil-society-academic,5,all-India (varies by investigation),district,case-record,varies,current,irregular,varies,acts and sections,scrape,1,ToU-restricts-reuse (all rights reserved by default),4,2,UNVERIFIED,2026-09-19,https://article-14.com/
judiciary-prisons-juvenile-justice-boards,"Juvenile Justice Boards, Child Welfare Committees and NCPCR monitoring data",State Departments of Women & Child Development / SCPCRs / NCPCR,judiciary-prisons,3,"all-India, one JJB and CWC per district",district,aggregate-count,2016,unknown,annual,1-3 years,IPC+SLL,rti-only,1,unstated,4,2,UNVERIFIED,2026-09-19,https://ncpcr.gov.in/
specialised-crime-pca,Police Complaints Authorities (State and District) - complaint statistics,"State Police Complaints Authorities, pursuant to Prakash Singh v Union of India (2006)",specialised-crime,3,varies by state,district,case-record,2006,unknown,irregular,unknown,custom,rti-only,1,unknown,5,2,CITED,2026-09-19,
specialised-crime-shrc,State Human Rights Commissions (25) - annual reports and complaint statistics,State Human Rights Commissions,specialised-crime,3,25 states/UTs,district,case-record,1994,varies,annual,12-36 months,custom,scrape,1,unstated,5,2,CITED,2026-09-19,
ncrb-cii-archive-pre-2014,Crime in India historical editions (1953 to ~2013),National Crime Records Bureau (NCRB),ncrb-national,1,all-India,district,aggregate-count,1953,~2013,annual,n/a (historical),"IPC+SLL (old crime-head list, several definition changes)",open-download,0,unstated,5,2,UNVERIFIED,2026-09-19,https://ncrb.gov.in/en/crime-india
gj-crime-stats-rti,Gujarat state crime statistics — NO open publication found (RTI route),"Gujarat Police / State Crime Records Bureau, Gandhinagar",state-police-west,2,Gujarat,district,aggregate-count,unknown,unknown,irregular,unknown,IPC+SLL,rti-only,0,n/a,5,2,UNVERIFIED,2026-09-19,https://police.gujarat.gov.in/
specialised-crime-shebox,SHe-Box - Sexual Harassment electronic Box,Ministry of Women and Child Development,specialised-crime,3,all-India,district,case-record,2017,unknown,realtime,n/a,custom,login,1,unknown,5,2,UNVERIFIED,2026-09-19,
road-safety-emergency-community-mirrors,"Community mirrors and derived datasets (GitHub, Kaggle)",various GitHub and Kaggle contributors,road-safety-emergency,5,"all-India, various",state,aggregate-count,2015,2024,one-off,varies,n/a,open-download,4,unknown (mostly unstated),1,2,VERIFIED_LIVE,2026-09-19,https://www.kaggle.com/code/supratimhaldar/bangalore-road-accidents-basic-data-analysis
civil-society-academic-htlabs-wei,Hindustan Times Labs - Women's Empowerment Index (NFHS-4),Hindustan Times Labs,civil-society-academic,5,36 states/UTs,state,aggregate-count,2015,2016,one-off,n/a,n/a,open-download,5,unstated in README,1,2,VERIFIED_LIVE,2026-09-19,https://raw.githubusercontent.com/HindustanTimesLabs/women-empowerment-index/master/data/103.csv
judiciary-prisons-indiankanoon-api,Indian Kanoon API,Indian Kanoon (private),judiciary-prisons,5,"Supreme Court, High Courts, tribunals, some district courts",state,narrative-document,1950,current,daily,days to weeks,IPC+SLL,paid,5,ToU-restricts-reuse,2,2,CITED,2026-09-19,https://api.indiankanoon.org/
open-data-portals-kaggle-rajanand-crime-in-india,Kaggle — 'Crime in India' (rajanand),"Kaggle user rajanand, derived from NCRB",open-data-portals,5,all-India,state,aggregate-count,2001,2022,annual,varies,NCRB-heads,login,4,unknown,2,2,CITED,2026-09-19,https://www.kaggle.com/datasets/rajanand/crime-in-india
state-police-south-tn-open-government-data-portal,Open Government Data Portal of Tamil Nadu (tn.data.gov.in),"Tamil Nadu Information Technology Dept / TNeGA, on the NIC OGD platform",state-police-south,1,Tamil Nadu,state,aggregate-count,2021,unknown,irregular,unknown,n/a,api-key,4,GODL-India,2,2,CITED,2026-09-19,https://tn.data.gov.in/
state-police-east-ne-sikkim-police-portal,"Sikkim Police portal (CID, HQ, Citizen Charter)","Police Department, Government of Sikkim",state-police-east-ne,2,Sikkim,state,narrative-document,unknown,2026,irregular,n/a,n/a,open-download,2,unstated,2,2,CITED,2026-09-19,https://police.sikkim.gov.in/
open-data-portals-datagovin-ncrp-cyber,State/UT-wise statistics from the National Cyber Crime Reporting Portal (NCRP),"Indian Cybercrime Coordination Centre (I4C), MHA, via data.gov.in",open-data-portals,2,all-India,state,aggregate-count,unknown,unknown,irregular,unknown,custom,api-key,4,GODL-India,2,2,CITED,2026-09-19,https://www.data.gov.in/resource/stateut-wise-details-statistics-national-cyber-crime-reporting-portal-ncrp-related-cyber
specialised-crime-scst-protection-cells-eval,Summary Report - Evaluation Study on Functioning of SC/ST Protection Cells,Ministry of Social Justice and Empowerment,specialised-crime,3,all-India,state,narrative-document,unknown,~2022,one-off,n/a,n/a,open-download,1,unstated,2,2,CITED,2026-09-19,https://socialjustice.gov.in/public/ckeditor/upload/Summary%20Report-Evaluation%20of%20SCST%20Protection%20Cells_1648793671.pdf
specialised-crime-ncdhr-atrocity,Five Years of Caste-Based Atrocity - An Analysis of Crimes Against Scheduled Castes and Scheduled Tribes in India,National Campaign on Dalit Human Rights (NCDHR) / National Dalit Movement for Justice,specialised-crime,4,all-India,state,aggregate-count,~2019,~2024,one-off,varies,IPC+SLL,open-download,1,unknown,3,2,CITED,2026-09-19,https://www.ncdhr.org.in/wp-content/uploads/2026/02/Five-Years-of-Caste-Based-Atrocity-Feb-9-2026-for-web.pdf
civil-society-academic-ihds,India Human Development Survey (IHDS),"NCAER with University of Maryland (Sonalde Desai, Reeve Vanneman)",civil-society-academic,4,all-India,state,survey-respondent,2004-05,2022-23,irregular,1-3 years,n/a,login,4,ICPSR terms (free registration),3,2,CITED,2026-09-19,http://ihds.umd.edu/
judiciary-prisons-indiankanoon-corpus,Indian Kanoon — free Indian judgment search corpus,Indian Kanoon (private),judiciary-prisons,5,"Supreme Court, High Courts, tribunals, some district courts",state,narrative-document,1950,current,daily,days to weeks,IPC+SLL,scrape,2,ToU-restricts-reuse,3,2,CITED,2026-09-19,https://indiankanoon.org/
state-police-east-ne-mha-annual-report-northeast,MHA Annual Report - North East insurgency incident statistics,"Ministry of Home Affairs, Government of India",state-police-east-ne,1,"Arunachal Pradesh, Assam, Manipur, Meghalaya, Mizoram, Nagaland, Tripura",state,aggregate-count,unknown (long series),2024,annual,6-12 months,custom,open-download,1,GODL-India,3,2,CITED,2026-09-19,https://www.mha.gov.in/en/divisionofmha/women-safety-division/cctns
judiciary-prisons-nalsa-statistics,"NALSA statistics — legal aid, Lok Adalat, mediation, undertrial prisoners",National Legal Services Authority,judiciary-prisons,3,"all-India, by State Legal Services Authority",state,aggregate-count,1995,2026,quarterly,weeks to months,n/a,open-download,1,unstated,3,2,CITED,2026-09-19,https://nalsa.gov.in/national-lok-adalat-report/
mha-parliament-nhrc-complaints,NHRC complaint and custodial-death statistics,National Human Rights Commission,mha-parliament,3,"all-India, State/UT-wise",state,case-record,1993,2026 (custodial deaths to 15 March 2026 via Parliament),annual,18-30 months for annual reports; current-year figures only via Parliament answers,custom,scrape,1,unstated,3,2,CITED,2026-09-19,https://dataful.in/datasets/18054/
state-police-east-ne-nagaland-crime-windows,Nagaland Police 'Crime Windows' and comparative crime statistics,"Nagaland Police Headquarters, Kohima",state-police-east-ne,2,Nagaland,state,aggregate-count,2013,2015 (only confirmed volume); Crime Windows may be current,annual,unknown,IPC+SLL,open-download,2,unstated,3,2,CITED,2026-09-19,https://police.nagaland.gov.in/comparative-crime-statistics-of-nagaland-for-the-year-2013-2014-and-2015-under-ipc-local-and-special-laws/
mha-parliament-ncw-complaint-statistics,National Commission for Women - Statistical Overview of Complaints,National Commission for Women,mha-parliament,3,"all-India, State/UT-wise",state,aggregate-count,2000,2026,monthly,near-current (the dashboard exposes the current year),custom,scrape,2,unstated,3,2,CITED,2026-09-19,https://ncwapps.nic.in/frmComp_stat_Overview.aspx
judiciary-prisons-njdg-high-courts,National Judicial Data Grid — High Courts,Department of Justice / NIC,judiciary-prisons,3,all 25 High Courts and benches,state,aggregate-count,2020-07-03,current,daily,near-zero,custom,scrape,2,unstated,3,2,CITED,2026-09-19,https://njdg.ecourts.gov.in/hcnjdgnew/
mha-parliament-nirbhaya-fund,"Nirbhaya Fund - allocations, sanctions and utilisation","Department of Economic Affairs (MoF), administered with MHA and MWCD",mha-parliament,3,"all-India, scheme-wise and state-wise",state,aggregate-count,2013,2024-25,annual,6-18 months,n/a,open-download,1,GODL-India,3,2,CITED,2026-09-19,https://www.mha.gov.in/en/commoncontent/nirbhayaerss-section
ncrb-prison-statistics-india,Prison Statistics India (PSI),National Crime Records Bureau (NCRB),ncrb-national,1,"all-India, 1,333 jails",state,aggregate-count,1995 (believed),2024 (released ~8 May 2026),annual,~16 months,NCRB-heads (offence group of convicted/undertrial inmates),open-download,2,unstated,3,2,CITED,2026-09-19,https://ncrb.gov.in/en/prison-statistics-india
state-police-south-tgcsb,Telangana Cyber Security Bureau (TGCSB),Telangana State Police,state-police-south,2,Telangana,state,aggregate-count,2024,current,irregular,unknown,custom (cyber offence categories),open-download,2,unstated,3,2,CITED,2026-09-19,https://tgcsb.tspolice.gov.in/
cg-crime-in-chhattisgarh,Crime in Chhattisgarh — CG Police,"Chhattisgarh Police, Naya Raipur",state-police-west,2,Chhattisgarh,state,aggregate-count,unknown,unknown,irregular,unknown,IPC+SLL,open-download,1,unstated,4,2,CITED,2026-09-19,https://cgpolice.gov.in/crime-in-chhattisgarh
mha-parliament-cis-i4c,Cyber & Information Security Division / Indian Cybercrime Coordination Centre (I4C),"CIS Division, Ministry of Home Affairs / I4C (attached office of MHA since 1 July 2024)",mha-parliament,2,all-India,state,aggregate-count,2019,2026,irregular,published only via PIB releases and PQ answers,custom,on-request,1,unstated,4,2,CITED,2026-09-19,https://www.mha.gov.in/en/division_of_mha/cyber-and-information-security-cis-division/Details-about-Indian-Cybercrime-Coordination-Centre-I4C-Scheme
ga-scrb-goa,Goa SCRB — State Crime Records Bureau page,"State Crime Records Bureau, Goa Police",state-police-west,1,Goa,state,aggregate-count,unknown,unknown,annual,12-24 months,NCRB-heads,open-download,1,unstated,4,2,CITED,2026-09-19,https://citizen.goapolice.gov.in/web/guest/scrb
judiciary-prisons-ecourts-judgments-portal,"Judgements and Orders, Supreme Court and High Courts of India (judgments.ecourts.gov.in)","eCommittee, Supreme Court of India / NIC",judiciary-prisons,3,Supreme Court and all High Courts,state,narrative-document,unknown,current,daily,days,IPC+SLL,captcha,2,unstated,4,2,CITED,2026-09-19,https://judgments.ecourts.gov.in/
specialised-crime-mha-communal,"MHA communal incident statistics (incidents, deaths, injured, by state)","Ministry of Home Affairs, largely via Parliament answers; compiled by PRS Legislative Research",specialised-crime,3,all-India,state,aggregate-count,2005,2017 (in the PRS compilation),irregular,varies,custom,blocked,1,unstated,4,2,CITED,2026-09-19,
specialised-crime-ncw-annual-report,National Commission for Women Annual Report 2023-24,National Commission for Women,specialised-crime,3,all-India,state,aggregate-count,1992,2023-24,annual,~12 months,custom,open-download,1,unstated,4,2,CITED,2026-09-19,https://cdn.ncw.gov.in/wp-content/uploads/2025/03/NCWAnnualReport20232024Eng.pdf
mha-parliament-ncrp-cybercrime-portal,National Cyber Crime Reporting Portal (NCRP) / helpline 1930,"Indian Cybercrime Coordination Centre (I4C), MHA",mha-parliament,2,all-India,state,aggregate-count,2019,2026,irregular,6-18 months for published aggregates,custom,on-request,1,unstated,4,2,CITED,2026-09-19,https://www.india.gov.in/services/details/indian-cybercrime-coordination-centre-i4c
judiciary-prisons-ncrb-prison-statistics-india,Prison Statistics India (PSI) — NCRB,"National Crime Records Bureau, Ministry of Home Affairs",judiciary-prisons,1,"all-India, all states and UTs",state,aggregate-count,1995,2023,annual,18-22 months,NCRB-heads,open-download,1,GODL-India,4,2,CITED,2026-09-19,https://www.ncrb.gov.in/uploads/nationalcrimerecordsbureau/custom/psiyearwise2022/1701613297PSI2022ason01122023.pdf
specialised-crime-sancharsaathi-chakshu,Sanchar Saathi portal and Chakshu fraud-communication reporting module,"Department of Telecommunications, Ministry of Communications",specialised-crime,2,all-India,state,case-record,2023-05,2025-12,realtime,n/a,custom,login,1,unknown,4,2,CITED,2026-09-19,https://sancharsaathi.gov.in
judiciary-prisons-state-directorates-of-prosecution,State Directorates of Prosecution — conviction-rate and prosecution statistics,State Directorates of Prosecution / Home Departments,judiciary-prisons,2,per state; district-wise data exists internally,state,aggregate-count,varies,varies,irregular,1-3 years,IPC+SLL,scrape,1,unstated,4,2,CITED,2026-09-19,https://dop.maharashtra.gov.in/conviction-rate
open-data-portals-justicehub,Justice Hub,CivicDataLab,open-data-portals,4,India,state,case-record,unknown,unknown,irregular,unknown,n/a,blocked,0,unknown,4,2,UNVERIFIED,2026-09-19,https://justicehub.in/
state-police-south-andaman-nicobar-police,Andaman & Nicobar Police — official site and SCRB (no published crime statistics),Andaman and Nicobar Islands Police,state-police-south,2,"A&N Islands - 3 police districts (South Andaman, North & Middle Andaman, Nicobar), 21 territorial + 3 special police stations, 24 outposts",state,aggregate-count,n/a,2021-22 (only via the MHA Annual Report),annual,12-24 months,IPC+SLL,rti-only,0,n/a,5,2,CITED,2026-09-19,https://police.andamannicobar.gov.in/index.php/en/
state-police-south-puducherry-police,Puducherry Police — official site (no published crime statistics),"Puducherry Police, UT of Puducherry",state-police-south,2,"UT of Puducherry - 4 non-contiguous regions: Puducherry, Karaikal, Yanam, Mahe",state,aggregate-count,n/a,n/a,irregular,n/a,n/a,rti-only,0,n/a,5,2,CITED,2026-09-19,https://police.py.gov.in/
specialised-crime-whl-181,Women Helpline 181 call and referral data,Ministry of Women and Child Development / state governments,specialised-crime,3,all-India,state,case-record,2015,unknown,monthly,n/a public,custom,rti-only,1,unknown,5,2,UNVERIFIED,2026-09-19,
media-crowdsourced-safecity-emnlp-dataset,SafeCity EMNLP 2018 labelled harassment-narrative dataset,"Sweta Karlekar & Mohit Bansal (UNC Chapel Hill), from Safecity data",media-crowdsourced,4,India + Kenya/Cameroon/Nepal (source platform); no geography in the released files,national,narrative-document,2012,2018,one-off,n/a,custom,open-download,4,ToU-restricts-reuse,1,2,VERIFIED_LIVE,2026-09-19,https://github.com/swkarlekar/safecity
judiciary-prisons-vidhi-open-courts,Open Courts in the Digital Age: A Prescription for an Open Data Policy (Vidhi),Vidhi Centre for Legal Policy,judiciary-prisons,4,all-India,national,narrative-document,2019,2019,one-off,n/a,n/a,open-download,0,unknown,1,2,CITED,2026-09-19,https://vidhilegalpolicy.in/wp-content/uploads/2019/11/OpenCourts_digital16dec.pdf
legal-ethics-contempt-act-1971,Contempt of Courts Act 1971 and the sub judice / postponement doctrine,Parliament of India,legal-ethics,3,all-India,national,narrative-document,1971,2006,irregular,n/a,n/a,blocked,2,unstated,1,2,UNVERIFIED,2026-09-19,
road-safety-emergency-who-gsrrs,WHO Global Status Report on Road Safety - India,World Health Organization,road-safety-emergency,3,India (national),national,aggregate-count,2004,unknown,irregular,1-2 years,n/a,open-download,3,CC-BY-NC-SA-3.0-IGO,1,2,UNVERIFIED,2026-09-19,https://www.who.int/
civil-society-academic-unodc,UNODC crime and criminal justice statistics (India),United Nations Office on Drugs and Crime,civil-society-academic,3,"India (national), cross-national",national,aggregate-count,~1990,varies,annual,1-2 years,ICCS,open-download,4,"UN terms, attribution",2,2,CITED,2026-09-19,https://data.unodc.org/
specialised-crime-cert-in,CERT-In annual report and cyber security incident statistics,"Indian Computer Emergency Response Team (CERT-In), MeitY",specialised-crime,2,all-India,national,aggregate-count,2004,unknown,annual,6-12 months,custom,open-download,1,unknown,3,2,CITED,2026-09-19,https://www.cert-in.org.in
media-crowdsourced-mediacloud,Media Cloud (open news corpus and source collections),Media Cloud (Uni. of Massachusetts Amherst / Northeastern),media-crowdsourced,5,"Global, with curated national collections including India",national,narrative-document,2008 (approx),ongoing,daily,days,n/a,api-key,4,unknown,3,2,CITED,2026-09-19,https://mediacloud.org/
specialised-crime-rbi-fraud,RBI bank fraud statistics (Annual Report frauds section; Report on Trend and Progress of Banking in India; Database on Indian Economy),Reserve Bank of India,specialised-crime,3,all-India,national,aggregate-count,unknown,unknown,annual,6-12 months,custom,open-download,2,unstated,3,2,CITED,2026-09-19,https://www.rbi.org.in
geo-google-maps-platform,Google Maps Platform (Geocoding / Places / Maps),Google LLC,geospatial-boundaries,5,all-India,address,point,n/a,current,realtime,n/a,n/a,api-key,5,ToU-restricts-reuse,1,1,VERIFIED_LIVE,2026-09-19,https://cloud.google.com/maps-platform/terms/maps-service-terms
media-crowdsourced-mygate,MyGate gated-community visitor and security logs,MyGate (Vivish Technologies),media-crowdsourced,5,"~25 Indian cities, ~25,000 housing societies, ~3.5 million homes (as of 2023)",address,incident-point,2016,ongoing,realtime,n/a (private),n/a,blocked,0,ToU-restricts-reuse,5,1,VERIFIED_LANDING,2026-09-19,https://en.wikipedia.org/wiki/MyGate
media-crowdsourced-whatsapp-telegram-rwa,Neighbourhood WhatsApp / Telegram / RWA groups (explicitly excluded),n/a - private groups,media-crowdsourced,5,"Nationwide, hyperlocal",address,narrative-document,n/a,n/a,realtime,minutes,n/a,blocked,0,unknown,5,1,UNVERIFIED,2026-09-19,
media-crowdsourced-safecity-thirdparty-scrapes,Third-party Safecity scrapers and derived datasets (GitHub corpus),Various student/hackathon projects,media-crowdsourced,5,Mostly Delhi NCR bounding boxes; some all-India,point,incident-point,2016,2023,one-off,n/a,custom,open-download,3,unstated,2,1,VERIFIED_LIVE,2026-09-19,https://github.com/nyctophiliacme/Route-Planning
mha-parliament-bprd-dipti,DIPTI - Directory of Indian Police Training Institutions,"Bureau of Police Research & Development (BPR&D), MHA",mha-parliament,3,all-India,point,narrative-document,unknown,as on 31.03.2024,annual,12-15 months,n/a,open-download,1,GODL-India,2,1,CITED,2026-09-19,https://bprd.nic.in/uploads/pdf/1716350798_80f5684dfb1ba3181fd5.pdf
media-crowdsourced-google-maps-reviews,Google Maps / Places reviews as a locality-sentiment signal,Google,media-crowdsourced,5,"All-India, dense in urban areas",point,survey-respondent,~2011,realtime,realtime,minutes,n/a,api-key,4,ToU-restricts-reuse,3,1,UNVERIFIED,2026-09-19,
media-crowdsourced-meriawaaz-code-for-india,Meri Awaaz / SafeRoute (Code for India) - defunct Indian safe-route + crowdsourced-safety project,Code for India,media-crowdsourced,5,"India (Delhi NCR focus, inferred from sibling projects)",point,incident-point,unknown,abandoned,one-off,n/a,custom,open-download,2,unstated,4,1,VERIFIED_LANDING,2026-09-19,https://github.com/code-for-india/meriawaaz
mha-parliament-bureau-of-immigration,Bureau of Immigration,"Bureau of Immigration, Ministry of Home Affairs",mha-parliament,3,all-India (ports of entry),point,aggregate-count,unknown,unknown,irregular,unknown,n/a,on-request,1,unknown,4,1,UNVERIFIED,2026-09-19,
road-safety-emergency-commission-railway-safety,Commission of Railway Safety accident inquiry reports,"Commission of Railway Safety, Ministry of Civil Aviation",road-safety-emergency,3,all-India,point,narrative-document,unknown,unknown,irregular,6-24 months,n/a,open-download,0,unstated,4,1,UNVERIFIED,2026-09-19,
state-police-south-ap-disha-suraksha,Disha SOS / Suraksha (AP Police Seva) citizen safety apps,Andhra Pradesh Police,state-police-south,2,Andhra Pradesh,point,incident-point,2019 (Disha) / 2021 (Police Seva),current,realtime,none,custom,blocked,0,unknown,5,1,CITED,2026-09-19,https://play.google.com/store/apps/details?id=gov.appolice.citizenapp
state-police-south-tgiccc,"Telangana Integrated Command and Control Centre (TGICCC), Hyderabad",Telangana State Police,state-police-south,2,"Telangana (Hyderabad-centred), 100,000+ CCTV cameras",point,incident-point,2022-08-04,current,realtime,none,custom,rti-only,0,unknown,5,1,CITED,2026-09-19,https://www.tspolice.gov.in/
media-crowdsourced-citizen-cop,"Citizen COP (citizen incident-reporting app, deployed with multiple Indian state police forces)","Citizen COP Foundation, Indore",media-crowdsourced,5,Multiple Indian cities/states via police tie-ups (Madhya Pradesh and others),point,incident-point,2015 (approx),unknown,realtime,n/a (not published),custom,on-request,0,unknown,5,1,UNVERIFIED,2026-09-19,
media-crowdsourced-disha-ap,Disha app / Disha SOS (Andhra Pradesh Police women's safety),Andhra Pradesh Police / Government of Andhra Pradesh,media-crowdsourced,2,Andhra Pradesh,point,incident-point,2019/2020 (Disha Act era),unknown,realtime,n/a (not published),n/a,rti-only,0,unknown,5,1,UNVERIFIED,2026-09-19,
mha-parliament-natgrid,NATGRID (National Intelligence Grid),"NATGRID, Ministry of Home Affairs",mha-parliament,2,all-India,point,case-record,2010,n/a,realtime,n/a,n/a,blocked,0,unknown,5,1,UNVERIFIED,2026-09-19,
media-crowdsourced-raksha-app,Raksha - Women Safety Alert (private SOS app),Private developer (commercial app),media-crowdsourced,5,All-India (user-installed),point,incident-point,unknown,unknown,realtime,n/a,n/a,blocked,0,unknown,5,1,UNVERIFIED,2026-09-19,
judiciary-prisons-eprisons-mis,e-Prisons MIS — per-prisoner operational records (internal),National Informatics Centre / state Prisons Departments,judiciary-prisons,3,participating states and UTs,point,case-record,unknown,current,realtime,near-zero,IPC+SLL,rti-only,0,unknown,5,1,UNVERIFIED,2026-09-19,https://www.nic.gov.in/project/eprisons/
state-police-east-ne-arunachal-citizen-portal,Arunachal Pradesh Police Citizen Portal (CCTNS),Arunachal Pradesh Police / NCRB CCTNS,state-police-east-ne,2,Arunachal Pradesh,police-station,fir-record,unknown,2026,realtime,n/a,IPC+SLL,login,2,ToU-restricts-reuse,5,1,CITED,2026-09-19,http://citizenportal.arunpol.gov.in/citizen/login.htm
state-police-east-ne-assam-efir-seva-setu,Assam Police e-FIR and Seva Setu,Assam Police,state-police-east-ne,2,Assam,police-station,fir-record,unknown,2026,realtime,n/a,IPC+SLL,login,2,unstated,5,1,CITED,2026-09-19,https://police.assam.gov.in/information-services/detail/e-fir
ncrb-cri-mac,Crime Multi Agency Centre (Cri-MAC),NCRB / Ministry of Home Affairs,ncrb-national,2,all-India,police-station,narrative-document,2020-03-12,live,realtime,n/a,NCRB-heads,blocked,0,ToU-restricts-reuse,5,1,CITED,2026-09-19,https://www.mha.gov.in/en/divisionofmha/women-safety-division/cctns
ddd-police-citizen-portal,Dadra & Nagar Haveli and Daman & Diu Police — website and citizen portal,"Police Department, UT of DNH & DD",state-police-west,2,UT of Dadra & Nagar Haveli and Daman & Diu,police-station,case-record,unknown,unknown,irregular,unknown,BNS,login,1,unstated,5,1,CITED,2026-09-19,http://citizen.dnhpolice.gov.in/
state-police-east-ne-jharkhand-jofs-efir,Jharkhand Online FIR System (JOFS),Jharkhand Police,state-police-east-ne,2,Jharkhand,police-station,fir-record,unknown,2026,realtime,n/a,IPC+SLL,login,2,unstated,5,1,CITED,2026-09-19,https://jofs.jhpolice.gov.in/
mh-ncl-dashboard,Maharashtra CCTNS NCL Dashboard (CCTNS.STATE.CAS),Maharashtra Police / NCRB CCTNS,state-police-west,2,Maharashtra,police-station,aggregate-count,unknown,unknown,realtime,unknown,BNS,login,0,unknown,5,1,CITED,2026-09-19,https://citizen.mahapolice.gov.in/NCLDashboard/Login.aspx
state-police-east-ne-manipur-citizen-portal,Manipur Police Citizen Portal (CCTNS),Manipur Police / NCRB CCTNS,state-police-east-ne,2,Manipur,police-station,case-record,unknown,2026,realtime,n/a,IPC+SLL,login,1,ToU-restricts-reuse,5,1,CITED,2026-09-19,https://mnpcitizenportal.mn.gov.in/citizen/
state-police-east-ne-meghalaya-citizen-portal,Meghalaya Police Citizen Portal (CCTNS),Meghalaya Police / NCRB CCTNS,state-police-east-ne,2,Meghalaya,police-station,case-record,unknown,2026,realtime,n/a,IPC+SLL,login,2,ToU-restricts-reuse,5,1,CITED,2026-09-19,https://citizen.megpolice.gov.in/
ncrb-talash,Talash (missing persons / unidentified dead body matching),NCRB,ncrb-national,2,all-India,police-station,victim-record,unknown,live,realtime,n/a,n/a,blocked,0,unknown,5,1,CITED,2026-09-19,
ncrb-vahan-samanvay,Vahan Samanvay (stolen / recovered vehicle matching),NCRB,ncrb-national,2,all-India,police-station,case-record,unknown (long-running; pre-dates CCTNS),live,realtime,n/a,n/a,blocked,1,unknown,5,1,CITED,2026-09-19,
open-data-portals-kaggle-unsourced-synthetic,Unsourced / synthetic 'Indian crime' datasets in circulation (Kaggle + GitHub),various anonymous uploaders,open-data-portals,5,"claims multi-city (Delhi, Mumbai, Bengaluru, Chennai, Pune, Ahmedabad, Ludhiana)",city,incident-point,claims 2020,claims 2025,one-off,n/a,custom,login,4,unknown,1,1,CITED,2026-09-19,https://www.kaggle.com/datasets/umeshchandra789/crimes-in-india
mha-parliament-cbi-view-fir,CBI View FIR / RC register,Central Bureau of Investigation,mha-parliament,2,"all-India (CBI jurisdiction: consent states, court-referred, UTs)",city,fir-record,unknown,current,irregular,days to weeks after registration,IPC+SLL,scrape,2,unstated,3,1,CITED,2026-09-19,https://cbi.gov.in/view-fir
civil-society-academic-janaagraha-asics,Annual Survey of India's City-Systems (ASICS),Janaagraha Centre for Citizenship and Democracy,civil-society-academic,4,selected Indian cities,city,aggregate-count,2013,unknown,irregular,<12 months,n/a,open-download,1,unknown,3,1,UNVERIFIED,2026-09-19,https://www.janaagraha.org/
media-crowdsourced-reddit-city-subs,"Reddit city subreddits (r/india, r/bangalore, r/mumbai, r/delhi, r/hyderabad, r/Chennai, r/pune, r/kolkata)","Reddit, Inc.",media-crowdsourced,5,Major Indian metros only,city,narrative-document,~2010,realtime,realtime,minutes,n/a,api-key,4,ToU-restricts-reuse,3,1,UNVERIFIED,2026-09-19,
state-police-east-ne-smartcities-iccc,Integrated Command and Control Centres (ICCC) - Smart Cities Mission,"Ministry of Housing and Urban Affairs, Smart Cities Mission",state-police-east-ne,3,"Smart Cities including Bhubaneswar, Ranchi, Guwahati, Kolkata, Patna",city,aggregate-count,unknown,2026,realtime,n/a,custom,blocked,0,unknown,5,1,CITED,2026-09-19,https://smartcities.data.gov.in/
state-police-north-iccc-smartcities,"Smart City ICCC programme pages (Jaipur, Lucknow)",MoHUA / Smart Cities Mission,state-police-north,3,"Jaipur, Lucknow (and other Smart Cities)",city,aggregate-count,unknown,unknown,realtime,n/a,n/a,blocked,0,unknown,5,1,CITED,2026-09-19,https://iccc.smartcities.gov.in/icc/city-details/c210316aa28429797908af0d5b50cad7
open-data-portals-ncrb-district-historic,"District-wise Incidence of Cognizable Crime, archival years (data.gov.in)","NCRB, Ministry of Home Affairs",open-data-portals,1,all-India,district,aggregate-count,1973,1998,irregular,n/a,IPC,api-key,5,GODL-India,1,1,CITED,2026-09-19,https://api.data.gov.in/resource/2bdd3fe656274a6eae0f475b000569dc
open-data-portals-kaggle-karnataka-crime-review,Kaggle — Crime Review of Karnataka 2021-2024 (aayushrokade),"Kaggle user aayushrokade, derived from Karnataka State Police",open-data-portals,5,Karnataka,district,aggregate-count,2021,2024,annual,unknown,IPC+SLL,login,4,unknown,2,1,CITED,2026-09-19,https://www.kaggle.com/datasets/aayushrokade/crime-review-of-karnataka-2021-2024
khoya-paya-trackchild-vatsalya,"Khoya-Paya / TrackChild, migrated to Mission Vatsalya Portal","Ministry of Women & Child Development (with NCRB/MHA linkage), NOT NCRB-owned",ncrb-national,3,all-India,district,victim-record,2015 (Khoya-Paya launched June 2015),live,realtime,n/a,n/a,scrape,1,unstated,3,1,CITED,2026-09-19,https://services.india.gov.in/service/detail/khoya-paya-portal-for-finding-missing-kids-1
open-data-portals-openbudgets-civicdatalab,Open Budgets India / CivicDataLab CivicDataSpace,CivicDataLab,open-data-portals,4,all-India,district,aggregate-count,unknown,unknown,annual,unknown,n/a,open-download,4,unknown,3,1,UNVERIFIED,2026-09-19,https://openbudgetsindia.org/
civil-society-academic-cmie-cphs,CMIE Consumer Pyramids Household Survey,Centre for Monitoring Indian Economy,civil-society-academic,5,all-India,district,survey-respondent,2014,current,quarterly,weeks,n/a,paid,5,"commercial subscription, redistribution prohibited",4,1,UNVERIFIED,2026-09-19,https://consumerpyramidsdx.cmie.com/
open-data-portals-indiastat,Indiastat,Datanet India Pvt Ltd,open-data-portals,5,all-India,district,aggregate-count,unknown,unknown,annual,unknown,NCRB-heads,paid,4,ToU-restricts-reuse,4,1,UNVERIFIED,2026-09-19,https://www.indiastat.com/
mha-parliament-nia-case-data,National Investigation Agency case data,"National Investigation Agency, MHA",mha-parliament,2,all-India,district,case-record,2009,unknown,irregular,unknown,IPC+SLL,on-request,1,unknown,4,1,UNVERIFIED,2026-09-19,
cg-lwe-naxal-incidents,Chhattisgarh LWE / Naxal incident data — no open state feed (RTI / MHA route),Chhattisgarh Police / MHA (LWE Division),state-police-west,3,Chhattisgarh (Bastar division especially),district,aggregate-count,unknown,unknown,annual,12+ months,custom,rti-only,0,n/a,5,1,UNVERIFIED,2026-09-19,https://cgpolice.gov.in/
mha-parliament-commercial-mirrors,"Commercial mirrors of Indian government statistics (Dataful, Indiastat)",Dataful (Factly Media) and Indiastat,mha-parliament,5,"all-India, mostly State/UT-wise",state,aggregate-count,varies,varies,irregular,follows the primary source,custom,paid,4,ToU-restricts-reuse,1,1,CITED,2026-09-19,https://www.indiastat.com/data/crime-and-law/complaints-registered-by-national-human-rights-commission-nhrc
mha-parliament-bprd-state-documents,BPR&D Documents by States/UTs,"Bureau of Police Research & Development (BPR&D), MHA",mha-parliament,3,all States/UTs,state,narrative-document,unknown,unknown,irregular,unknown,n/a,open-download,1,GODL-India,2,1,CITED,2026-09-19,https://bprd.nic.in/page/documents_by_statesuts
ncrb-mospi-yearbook-crime-chapter,"Statistical Year Book India - Chapter 37, Crime Statistics","Ministry of Statistics and Programme Implementation (MoSPI), sourcing NCRB",ncrb-national,1,all-India,state,aggregate-count,unknown,unknown,annual,"follows NCRB, plus MoSPI's own lag",IPC+SLL,open-download,1,GODL-India,2,1,CITED,2026-09-19,https://www.mospi.gov.in/sites/default/files/Statistical_year_book_india_chapters/Crime.pdf
open-data-portals-tn-data-gov-in,tn.data.gov.in — Tamil Nadu / Karnataka federated state sub-portal,"Govt of Tamil Nadu DES, Govt of Karnataka DES, via data.gov.in",open-data-portals,2,"Tamil Nadu, Karnataka",state,aggregate-count,2013,2022,annual,1-3 years,custom,api-key,4,GODL-India,2,1,CITED,2026-09-19,https://api.data.gov.in/resource/{resource_id}
mha-parliament-police-modernisation,Modernisation of Police Forces / MHA Police Modernisation Division allocations,"Police Modernisation Division, Ministry of Home Affairs",mha-parliament,3,all States/UTs,state,aggregate-count,unknown,unknown,annual,12+ months,n/a,open-download,1,GODL-India,3,1,CITED,2026-09-19,https://www.mha.gov.in/sites/default/files/2023-01/bprd_0[1].pdf
mha-parliament-fifteenth-fc-police-grants,Fifteenth Finance Commission grants relevant to policing and justice,Fifteenth Finance Commission / Department of Expenditure,mha-parliament,3,all States,state,aggregate-count,2021-22,2025-26,annual,12+ months,n/a,open-download,1,GODL-India,3,1,UNVERIFIED,2026-09-19,
ncrb-finger-print-in-india,Finger Print in India (annual report),"National Crime Records Bureau (NCRB), Central Finger Print Bureau",ncrb-national,1,all-India,state,aggregate-count,unknown,unknown,annual,unknown,n/a,open-download,1,unstated,3,1,UNVERIFIED,2026-09-19,
civil-society-academic-nsso-safety,NSSO / NSS rounds touching safety (negative finding),"National Sample Survey Office, MoSPI",civil-society-academic,1,all-India,state,survey-respondent,1950s,current,irregular,1-2 years,n/a,open-download,3,GODL-India,3,1,UNVERIFIED,2026-09-19,https://www.mospi.gov.in/
mha-parliament-ncb-narcotics-flag,Narcotics Control Bureau seizure and case data (FLAG ONLY),"Narcotics Control Bureau, MHA",mha-parliament,2,all-India,state,case-record,unknown,unknown,annual,unknown,custom,on-request,1,unknown,3,1,UNVERIFIED,2026-09-19,
specialised-crime-ed-cases,"Enforcement Directorate case statistics (ECIRs, searches, attachments, prosecutions under PMLA/FEMA/FEOA)","Directorate of Enforcement, Department of Revenue, Ministry of Finance",specialised-crime,3,all-India,state,case-record,1956,2023,irregular,varies,IPC+SLL,blocked,1,unstated,4,1,CITED,2026-09-19,https://enforcementdirectorate.gov.in
specialised-crime-fssai-surveillance,"FSSAI food sample surveillance and enforcement statistics (samples analysed, non-conforming, prosecutions)",Food Safety and Standards Authority of India,specialised-crime,3,all-India,state,aggregate-count,2008,unknown,annual,12 months,IPC+SLL,open-download,1,unstated,4,1,CITED,2026-09-19,https://www.fssai.gov.in
specialised-crime-wccb,Wildlife Crime Control Bureau - enforcement and seizure data,"Wildlife Crime Control Bureau, Ministry of Environment, Forest and Climate Change",specialised-crime,2,all-India,state,case-record,2008,unknown,irregular,unknown,IPC+SLL,open-download,1,unstated,4,1,CITED,2026-09-19,https://wccb.gov.in
civil-society-academic-lok-foundation-oxford,Lok Foundation-Oxford University Surveys,"Lok Foundation and University of Oxford, fieldwork by CMIE",civil-society-academic,4,all-India,state,survey-respondent,~2013,unknown,irregular,unknown,n/a,on-request,1,unknown,4,1,UNVERIFIED,2026-09-19,
state-police-south-lakshadweep-police-cctns,Lakshadweep Police / CCTNS page (no published crime statistics),"Lakshadweep Police, UT of Lakshadweep",state-police-south,2,"UT of Lakshadweep - 9 police stations + 7 coastal police stations, HQ Kavaratti; population ~70,000 across 32 sq km",state,aggregate-count,2015-12-23 (CCTNS/CAS 4.5 go-live),n/a (nothing published),irregular,n/a,IPC+SLL,rti-only,0,n/a,5,1,CITED,2026-09-19,https://lakshadweeppolice.gov.in/cctns
ddd-crime-stats-rti,DNH & DD crime statistics — NO published data found (RTI route),"UT Administration of DNH & DD, Home Department",state-police-west,2,UT of DNH & DD,state,aggregate-count,unknown,unknown,irregular,unknown,IPC+SLL,rti-only,0,n/a,5,1,UNVERIFIED,2026-09-19,https://ddd.gov.in/police/
civil-society-academic-community-catalogues,Community dataset catalogues for Indian crime and policing,"various (GitHub: connu/awesome-datasets, apoorv74/ecourts-india-resources)",civil-society-academic,5,all-India,national,narrative-document,n/a,2026,irregular,n/a,n/a,open-download,3,varies by repo,1,1,VERIFIED_LIVE,2026-09-19,https://github.com/connu/awesome-datasets
mha-parliament-services-india-pq-service,Answers to Parliament Question - MHA (National Government Services Portal listing),NIC / National Government Services Portal,mha-parliament,3,all-India,national,narrative-document,unknown,current,irregular,n/a,n/a,open-download,1,GODL-India,1,1,CITED,2026-09-19,https://services.india.gov.in/service/detail/answers-to-parliament-question-mha
mha-parliament-cbi-ogd-corruption-cases,"Year-wise Detail of Corruption Cases Registered by CBI, 2017-2021",CBI via NIC Open Government Data Platform,mha-parliament,1,all-India,national,aggregate-count,2017,2021,one-off,series ends 2021,custom,api-key,4,GODL-India,1,1,CITED,2026-09-19,https://www.data.gov.in/resource/year-wise-detail-corruption-case-registered-central-bureau-investigation-cbi-2017-2021
judiciary-prisons-model-prison-manual,Model Prison Manual 2016 and Model Prisons and Correctional Services Act 2023,Ministry of Home Affairs / Bureau of Police Research and Development,judiciary-prisons,3,all-India (model law; states adopt individually),national,narrative-document,2016,2023,one-off,n/a,n/a,open-download,0,GODL-India,1,1,UNVERIFIED,2026-09-19,
civil-society-academic-worldbank-wdi-homicide,"World Bank WDI - intentional homicides per 100,000 (SH.STA.HOMI.P5)",World Bank,civil-society-academic,3,India (national),national,aggregate-count,1990,varies,annual,2-3 years,ICCS,open-download,5,CC-BY-4.0,1,1,UNVERIFIED,2026-09-19,https://api.worldbank.org/v2/country/IND/indicator/VC.IHR.PSRC.P5?format=json
civil-society-academic-iep-gpi,Global Peace Index (India),Institute for Economics & Peace,civil-society-academic,4,"India (national), 160+ countries",national,aggregate-count,2008,current,annual,<12 months,custom composite,open-download,2,"IEP terms, attribution, non-commercial",2,1,UNVERIFIED,2026-09-19,https://www.economicsandpeace.org/
specialised-crime-unodc-india,UNODC Global Report on Trafficking in Persons / UNODC South Asia India outputs,United Nations Office on Drugs and Crime,specialised-crime,4,India (country chapter within global report),national,aggregate-count,2009,unknown,irregular,18-24 months,custom,open-download,1,unknown,2,1,UNVERIFIED,2026-09-19,
judiciary-prisons-njdg-supreme-court,National Judicial Data Grid — Supreme Court,Supreme Court of India / NIC,judiciary-prisons,3,national,national,aggregate-count,2023-09-14,current,daily,near-zero,custom,scrape,2,unstated,3,1,CITED,2026-09-19,https://njdg.ecourts.gov.in/scnjdg/
specialised-crime-sebi-orders,"SEBI enforcement, adjudication and settlement orders, and SEBI Annual Report",Securities and Exchange Board of India,specialised-crime,3,all-India,national,narrative-document,1992,2026,daily,days,custom,open-download,2,unstated,3,1,CITED,2026-09-19,https://sebi.gov.in
specialised-crime-sfio,Serious Fraud Investigation Office case statistics,"Serious Fraud Investigation Office, Ministry of Corporate Affairs",specialised-crime,3,all-India,national,case-record,2003,unknown,annual,12 months,custom,open-download,1,unstated,3,1,CITED,2026-09-19,https://sfio.gov.in
judiciary-prisons-sci-judgments,Supreme Court of India — judgments and case status,Supreme Court of India,judiciary-prisons,3,national,national,narrative-document,1950,current,daily,days,IPC+SLL,scrape,2,unstated,3,1,CITED,2026-09-19,https://www.sci.gov.in/judgements-case-no/
ncrb-nafis,National Automated Fingerprint Identification System (NAFIS),NCRB,ncrb-national,2,"all-India, all states/UTs linked",national,case-record,2022-08-17,live (1.06 crore records as of 31 Oct 2024),realtime,n/a,n/a,blocked,0,ToU-restricts-reuse,5,1,VERIFIED_LIVE,2026-09-19,
open-data-portals-apisetu,API Setu — National API Exchange (and DigiLocker APIs),MeitY / NeGD,open-data-portals,3,all-India,national,case-record,n/a,n/a,realtime,n/a,n/a,on-request,5,ToU-restricts-reuse,5,1,CITED,2026-09-19,https://www.apisetu.gov.in/
media-crowdsourced-commoncrawl,Common Crawl web corpus (WARC/WAT/WET),Common Crawl Foundation,media-crowdsourced,5,"Global web, includes Indian news domains",national,narrative-document,2011 (first published crawls; archiving from 2007),ongoing (monthly-ish crawls),monthly,weeks,n/a,open-download,3,unknown,5,1,CITED,2026-09-19,https://commoncrawl.org/
ncrb-ndso,National Database on Sexual Offenders (NDSO),NCRB / Ministry of Home Affairs,ncrb-national,2,all-India,national,case-record,2018-09-20,live,realtime,n/a,IPC/BNS sexual offences + POCSO,blocked,0,ToU-restricts-reuse,5,1,CITED,2026-09-19,
